

-- MySQL dump 10.13  Distrib 8.0.46, for Win64 (x86_64)
--
-- Host: localhost    Database: ambc
-- ------------------------------------------------------
-- Server version	9.7.0

/*!40101 SET @OLD_CHARACTER_SET_CLIENT=@@CHARACTER_SET_CLIENT */;
/*!40101 SET @OLD_CHARACTER_SET_RESULTS=@@CHARACTER_SET_RESULTS */;
/*!40101 SET @OLD_COLLATION_CONNECTION=@@COLLATION_CONNECTION */;
/*!50503 SET NAMES utf8 */;
/*!40103 SET @OLD_TIME_ZONE=@@TIME_ZONE */;
/*!40103 SET TIME_ZONE='+00:00' */;
/*!40014 SET @OLD_UNIQUE_CHECKS=@@UNIQUE_CHECKS, UNIQUE_CHECKS=0 */;
/*!40014 SET @OLD_FOREIGN_KEY_CHECKS=@@FOREIGN_KEY_CHECKS, FOREIGN_KEY_CHECKS=0 */;
/*!40101 SET @OLD_SQL_MODE=@@SQL_MODE, SQL_MODE='NO_AUTO_VALUE_ON_ZERO' */;
/*!40111 SET @OLD_SQL_NOTES=@@SQL_NOTES, SQL_NOTES=0 */;
-- TEMP_LOG_BIN removido
-- SQL_LOG_BIN removido

--
-- GTID state at the beginning of the backup 
--

-- GTID_PURGED removido

--
-- Table structure for table `associado`
--

DROP TABLE IF EXISTS `associado`;
/*!40101 SET @saved_cs_client     = @@character_set_client */;
/*!50503 SET character_set_client = utf8mb4 */;
CREATE TABLE `associado` (
  `id_associado` int NOT NULL AUTO_INCREMENT,
  `nome` varchar(150) COLLATE utf8mb4_unicode_ci NOT NULL,
  `data_nascimento` date DEFAULT NULL,
  `cpf_cnpj` varchar(14) COLLATE utf8mb4_unicode_ci DEFAULT NULL,
  `email` varchar(150) COLLATE utf8mb4_unicode_ci DEFAULT NULL,
  `observacao` text COLLATE utf8mb4_unicode_ci,
  `ativo` tinyint(1) DEFAULT '1',
  `logradouro` varchar(200) COLLATE utf8mb4_unicode_ci DEFAULT NULL,
  `numero` varchar(10) COLLATE utf8mb4_unicode_ci DEFAULT NULL,
  `complemento` varchar(100) COLLATE utf8mb4_unicode_ci DEFAULT NULL,
  `cep` char(8) COLLATE utf8mb4_unicode_ci DEFAULT NULL,
  `bairro` varchar(100) COLLATE utf8mb4_unicode_ci DEFAULT NULL,
  `cidade` varchar(100) COLLATE utf8mb4_unicode_ci DEFAULT NULL,
  `uf` char(2) COLLATE utf8mb4_unicode_ci DEFAULT NULL,
  `fk_estadocivil` int DEFAULT NULL,
  `fk_profissao` int DEFAULT NULL,
  `fk_categoria` int DEFAULT NULL,
  `fk_status` int DEFAULT NULL,
  `fk_genero` int DEFAULT NULL,
  `criado_em` datetime DEFAULT CURRENT_TIMESTAMP,
  `criado_por` int DEFAULT NULL,
  `atualizado_em` datetime DEFAULT CURRENT_TIMESTAMP,
  `atualizado_por` int DEFAULT NULL,
  `matricula` varchar(20) COLLATE utf8mb4_unicode_ci DEFAULT NULL,
  `data_entrada` date DEFAULT NULL,
  PRIMARY KEY (`id_associado`),
  UNIQUE KEY `associado_cpf_cnpj_key` (`cpf_cnpj`),
  UNIQUE KEY `associado_matricula_key` (`matricula`),
  KEY `associado_fk_categoria_fkey` (`fk_categoria`),
  KEY `associado_fk_estadocivil_fkey` (`fk_estadocivil`),
  KEY `associado_fk_genero_fkey` (`fk_genero`),
  KEY `associado_fk_profissao_fkey` (`fk_profissao`),
  KEY `associado_fk_status_fkey` (`fk_status`),
  KEY `associado_uf_fkey` (`uf`),
  KEY `fk_assoc_atualizado_por` (`atualizado_por`),
  KEY `fk_assoc_criado_por` (`criado_por`),
  KEY `idx_associado_nome` (`nome`),
  CONSTRAINT `associado_fk_categoria_fkey` FOREIGN KEY (`fk_categoria`) REFERENCES `categoria` (`id_categoria`),
  CONSTRAINT `associado_fk_estadocivil_fkey` FOREIGN KEY (`fk_estadocivil`) REFERENCES `estado_civil` (`id_estadocivil`),
  CONSTRAINT `associado_fk_genero_fkey` FOREIGN KEY (`fk_genero`) REFERENCES `genero` (`id_genero`),
  CONSTRAINT `associado_fk_profissao_fkey` FOREIGN KEY (`fk_profissao`) REFERENCES `profissao` (`id_profissao`),
  CONSTRAINT `associado_fk_status_fkey` FOREIGN KEY (`fk_status`) REFERENCES `status_pessoa` (`id_status`),
  CONSTRAINT `associado_uf_fkey` FOREIGN KEY (`uf`) REFERENCES `uf` (`sigla`),
  CONSTRAINT `fk_assoc_atualizado_por` FOREIGN KEY (`atualizado_por`) REFERENCES `usuario` (`id_usuario`) ON DELETE SET NULL,
  CONSTRAINT `fk_assoc_criado_por` FOREIGN KEY (`criado_por`) REFERENCES `usuario` (`id_usuario`) ON DELETE SET NULL,
  CONSTRAINT `chk_associado_nome_composto` CHECK ((trim(`nome`) like _utf8mb4'% %'))
) ENGINE=InnoDB AUTO_INCREMENT=40 DEFAULT CHARSET=utf8mb4 COLLATE=utf8mb4_unicode_ci;
/*!40101 SET character_set_client = @saved_cs_client */;

--
-- Dumping data for table `associado`
--

LOCK TABLES `associado` WRITE;
/*!40000 ALTER TABLE `associado` DISABLE KEYS */;
INSERT INTO `associado` VALUES (4,'Maria Aparecida Lima','1972-07-25','22233344455','maria.lima@email.com',NULL,1,'Av. Bento Gonçalves','456',NULL,'91500000','Califórnia','Porto Alegre','RS',1,8,1,1,1,'2026-04-23 22:04:24',NULL,'2026-04-23 22:04:24',NULL,NULL,NULL),(5,'João Pedro Ferreira','1990-11-08','33344455566','joao.ferreira@email.com',NULL,1,'Rua Pinheiro Machado','789','Casa 2','91040000','Califórnia','Porto Alegre','RS',3,1,3,1,2,'2026-04-23 22:04:24',NULL,'2026-05-25 23:34:07',NULL,NULL,NULL),(7,'Roberto Carlos Mendes','1965-01-19','55566677788','roberto.mendes@email.com',NULL,1,'Av. Sertório','654','Bloco B','91060000','Califórnia','Porto Alegre','RS',2,7,2,1,2,'2026-04-23 22:04:24',NULL,'2026-04-23 22:04:24',NULL,NULL,NULL),(9,'Teste Backend 2','1987-11-30','88888888888','teste@teste.com','teste',1,'Rua Teste','1',NULL,'92000000','Bairro','Canoas','RS',2,5,NULL,1,NULL,'2026-05-06 00:00:00',NULL,'2026-05-07 02:06:20',NULL,'0001',NULL),(24,'Leonardo Leote','1992-09-09','35095512015','leonardo.leote0909@gmail.com',NULL,1,NULL,'381',NULL,'92480000',NULL,'Nova Santa Rita','RS',2,13,3,1,3,'2026-05-27 22:32:37',NULL,'2026-05-27 22:32:37',NULL,'0002','2026-05-27'),(29,'Leonardo Leote','1990-09-09','01324852015','leonardo.leote0909@gmail.com',NULL,1,NULL,'381',NULL,'92480000',NULL,'Nova Santa Rita','RS',2,13,3,1,3,'2026-05-27 23:21:05',NULL,'2026-05-27 23:21:05',NULL,'0003','2026-05-27'),(31,'Leonardo Leote','1992-09-09','02522182015','leonardo.leote0909@gmail.com',NULL,1,NULL,'381',NULL,'92480000',NULL,'Nova Santa Rita','RS',2,13,3,1,1,'2026-05-27 23:21:52',NULL,'2026-05-27 23:21:52',NULL,'0004','2026-05-27'),(32,'Leonardo Leote','1993-09-09','26512345685','leonardo.leote0909@gmail.com',NULL,1,'Rua Barão do Rio Branco','381',NULL,'92480000','Califórnia','Nova Santa Rita','RS',3,12,3,1,1,'2026-05-27 23:22:34',NULL,'2026-05-27 23:22:34',NULL,'0005','2026-05-27'),(34,'Maria da Silva','1950-05-22','12345678920','mariadasilva@gmail.com',NULL,1,'R. São João Batista','108','casa','92480000','Califórnia','Nova Santa Rita','RS',2,8,3,1,1,'2026-05-27 23:26:06',NULL,'2026-05-27 23:26:06',NULL,'0006','2026-05-27'),(35,'rosa ribeiro','1990-12-20','12121212121','rosa@gmail.com',NULL,1,'Rua Garibaldi','321','casa','92480000','Califórnia','Nova Santa Rita','RS',2,1,3,1,1,'2026-05-27 23:36:38',NULL,'2026-05-27 23:36:38',NULL,'0007','2026-05-27'),(36,'LEONARDO PEREIRA LEOTE','2002-01-29','12345678985','leonardo.leote0909@gmail.com',NULL,1,NULL,'188',NULL,'92480000',NULL,'Nova Santa Rita','RS',3,13,3,1,1,'2026-05-31 04:43:46',NULL,'2026-05-31 01:43:46',NULL,'0008','2025-04-15'),(37,'seee seee','2009-02-03','12312312321','leonardo.leote0909@gmail.com',NULL,1,NULL,'381',NULL,'92480000',NULL,'Nova Santa Rita','RS',2,10,3,1,1,'2026-05-31 04:45:07',NULL,'2026-05-31 01:45:07',NULL,'0009','2026-05-31');
/*!40000 ALTER TABLE `associado` ENABLE KEYS */;
UNLOCK TABLES;

--
-- Table structure for table `categoria`
--

DROP TABLE IF EXISTS `categoria`;
/*!40101 SET @saved_cs_client     = @@character_set_client */;
/*!50503 SET character_set_client = utf8mb4 */;
CREATE TABLE `categoria` (
  `id_categoria` int NOT NULL AUTO_INCREMENT,
  `descricao` varchar(30) COLLATE utf8mb4_unicode_ci NOT NULL,
  PRIMARY KEY (`id_categoria`),
  UNIQUE KEY `categoria_descricao_key` (`descricao`)
) ENGINE=InnoDB AUTO_INCREMENT=4 DEFAULT CHARSET=utf8mb4 COLLATE=utf8mb4_unicode_ci;
/*!40101 SET character_set_client = @saved_cs_client */;

--
-- Dumping data for table `categoria`
--

LOCK TABLES `categoria` WRITE;
/*!40000 ALTER TABLE `categoria` DISABLE KEYS */;
INSERT INTO `categoria` VALUES (3,'Contribuinte'),(1,'Fundador'),(2,'Honorário');
/*!40000 ALTER TABLE `categoria` ENABLE KEYS */;
UNLOCK TABLES;

--
-- Table structure for table `configuracao_sistema`
--

DROP TABLE IF EXISTS `configuracao_sistema`;
/*!40101 SET @saved_cs_client     = @@character_set_client */;
/*!50503 SET character_set_client = utf8mb4 */;
CREATE TABLE `configuracao_sistema` (
  `chave` varchar(60) COLLATE utf8mb4_unicode_ci NOT NULL,
  `valor` text COLLATE utf8mb4_unicode_ci NOT NULL,
  `atualizado_em` datetime DEFAULT CURRENT_TIMESTAMP,
  PRIMARY KEY (`chave`)
) ENGINE=InnoDB DEFAULT CHARSET=utf8mb4 COLLATE=utf8mb4_unicode_ci;
/*!40101 SET character_set_client = @saved_cs_client */;

--
-- Dumping data for table `configuracao_sistema`
--

LOCK TABLES `configuracao_sistema` WRITE;
/*!40000 ALTER TABLE `configuracao_sistema` DISABLE KEYS */;
/*!40000 ALTER TABLE `configuracao_sistema` ENABLE KEYS */;
UNLOCK TABLES;

--
-- Table structure for table `configuracoes`
--

DROP TABLE IF EXISTS `configuracoes`;
/*!40101 SET @saved_cs_client     = @@character_set_client */;
/*!50503 SET character_set_client = utf8mb4 */;
CREATE TABLE `configuracoes` (
  `chave` varchar(100) COLLATE utf8mb4_unicode_ci NOT NULL,
  `valor` longtext COLLATE utf8mb4_unicode_ci,
  `atualizado_em` datetime DEFAULT CURRENT_TIMESTAMP,
  PRIMARY KEY (`chave`)
) ENGINE=InnoDB DEFAULT CHARSET=utf8mb4 COLLATE=utf8mb4_unicode_ci;
/*!40101 SET character_set_client = @saved_cs_client */;

--
-- Dumping data for table `configuracoes`
--

LOCK TABLES `configuracoes` WRITE;
/*!40000 ALTER TABLE `configuracoes` DISABLE KEYS */;
INSERT INTO `configuracoes` VALUES ('assoc_bairro','Bairro Califórnia','2026-05-31 00:23:20'),('assoc_cep','90000-000','2026-05-31 00:23:20'),('assoc_cidade','Porto Alegre','2026-05-31 00:23:20'),('assoc_cnpj','12.345.678/0001-90','2026-05-31 00:23:20'),('assoc_email','contato@ambc.org.br','2026-05-31 00:23:20'),('assoc_endereco','Rua das Flores, 100 — Bairro Califórnia','2026-05-31 00:23:20'),('assoc_missao','Associação sem fins lucrativos que promove a melhoria da qualidade de vida dos moradores do Bairro Califórnia por meio de ações sociais, culturais e de infraestrutura.','2026-05-31 00:23:20'),('assoc_nome','Associação de Moradores do Bairro Califórnia','2026-05-31 00:23:20'),('assoc_sigla','AMBC','2026-05-31 00:23:20'),('assoc_site','www.ambc.org.br','2026-05-31 00:23:20'),('assoc_telefone','(51) 3333-0000','2026-05-31 00:23:20'),('assoc_uf','RS','2026-05-31 00:23:20'),('favicon','data:image/png;base64,iVBORw0KGgoAAAANSUhEUgAAAJYAAACWCAYAAAA8AXHiAAAAAXNSR0IArs4c6QAAAARnQU1BAACxjwv8YQUAAAAJcEhZcwAADsMAAA7DAcdvqGQAAH8WSURBVHhe7X0FYF7Hme3ue/uWd1+7r20ahiZp00DjOEaxLTMzc0wxxY4htmNmZmZmkMVgmZlJliy2yLaYWeedM1fXVr3ablI70G7G+nyZZs6c73wzc+//NyUlJfhLtuLi4j9plR3zfVpl91TRKjvmr8F+AtZ3bJXdU0Wr7Ji/BvsJWN+xVXZPFa2yY/4a7CdgfcdW2T1VtMqO+Wuwn4D1HVtl91TRKjvmr8F+AtZ3bJXdU0Wr7Ji/BvsJWN+xVXZPFa2yY/4a7CdgfcdW2T1VtMqO+WuwHz2wKiuMb2NlZWXIz89HaWkplOz1WtY0KyvLXEepqKjIrLOva69T0rLmCwsLjdlJ63QNpby8PDPVdl3T3k/z9nk0zc3NfXyczvssVjGvfkz2Vw8sFWpBQYEpVBV0Tk6OmercSjbAsrOzzbKSCl6mpG02QHQegUGm+Yr3qGTvp6m9n5L2fRpImtc6e/nPNfsefmz2Vw8sm6mUVJACmgpV7CIAyLSfzTaaaj+t17GaFxiVdD/2cSkpKY/nBUJt0742UJV0HYHKPpcNLPu5dJymz2J2Pv3Y7K8eWEoqWBV6ZmbmY/bSspIKW0n72oDTdbWvkvazWU/b7ePsqfa1z6F5XcsGp8Ak8Njspv0qPpP2sef/XNP5foz2Vw8smRjHBocKUybXZxe+kr3ddom6tgAiMMgEEG2zwWXfn4AkExCl1zSv9Tqf5pV0D/a17fPJ7G3PYvZ9/NjsfwSwVMB2QapwVeg6t+aV0tPTTcFXdGN20n4ZGRnlS/gjLabjbfDYSQAUIHU+JdsFal+t0/m0Tsuyp+/125qdTz82+x+hsXQe2z0JGFpWEqCklWwQBAUFGXYLCQnBlClTzLEXLlzAyJEjcfbsWXPskiVLzL737t3Djh07zDl1HgFKqSLwtM7Hxwf379834NL96FoCo6YC+NP3+22tYl79mOwvHlhFJZY9WUcgFT0xLSsVFtrNBxZTpadnYufOnXB2dkVsbCyio2Pxs5/9DCdOnDAg+pu/+Ruz3/79+818t27dcOXKFbz22mvmvhYtWoRf/vL/obSsEJMmj8f7v/8dXFxcMHbseAIpnuKN4AuLQseOnQ24BFLyF/JyM1FYoGDAWq74LH+OPZ1fPxb7wYFVWWZVNNVsTcU4YgDVfBWS0URF1DMsntxCaiUWpAERp3mZ+chKJXNYZWfWFRaU4syZc/j4D59izJixyMspRPOmLfCPf/8v2LZlO4oLy/DiCy9hw7qNiIuNx7/9y78jKeEB9u7eg9o1a6HqJx9j4oTxaNa0sTnpuLFjUKvmp5zPw4MHEWjbqjHe+927mDNrPtJTcpGZXoIa1epgxLCvkJvNe8+h/spLN/sX5CSjNC8DJfkWwPSMtqtWUr4o2c/+XdrT5fG87EcPLFsPyX3YWknLWi+myspjqM9CePgoBVxERtoTQF04fRGTJ07B7p27UJhfAH9fP/yf//33eOc37+LKpeto06o93vvtBxjYfzAK8orx/nsfEVibUVpchv/7bz9DeFgE9u89gCp/+BjLly7D22/9Bu++/Q5BWIRePXqiQf06dH3JvFge3JxrYeaMaY+B3LpVJ3z4wad47ZU3ERoSZm7o7q3rCPQ5QuTkETW5KKVlZaY/fla5UbvSaFlu2d72XVnFsnie9hcDLNuUNFVtlqsqKZFuyjSFqWSAxfl58xbgvffeQ4+eXfC3dGXHjwUgLzsNn3z0PhrVq4/6bvXQrmV7DB88Ah+//wkKsoswuP9QVPu4Bj7vOwg//9f/QOqDNOzcsgsfvfchctKz8coLL6PKBx+TaYpRvUo1dO/aw1wrMzMbv/7Vy9Rcuwzwd+3ehhd+/TMc9NiJV179JcIj7pp7+4jX+eC9j9G8UQvcvHqFayjiC540qirp2Uyl4bMJZJXlyfM0O1+ft/3ogSWz97V0CsuShaeML8jPRWFuFtcUISkxHlMmTcbNm7eRnJKG115/EzNnz+K2Ynz2WVc4O3yK3KxkuLs4YMbkCWjs7o7/LcAFnjCs8iAxGdmZeejZvQ9ZbhounLtoQHP3TiiCg46Z+dMnzyDQP8gwmtxngN9RaqZiaqlofFq1Ji5fvoy7obfw2pu/xu/efwM1av8B733wDlLSUnHh4jX8wz/8HMeCz+LVV94y7ljA8vLyMuJfSc/66NGjx8+pZ3w6L563VSyL52k/emDZGawarf3tpG3SLSgrQNqjWLRq3gjNmjXBpSuXjWv8sMon6NmrD+dKsWvnVvzi5//M2Tx81qszRg4fjAAfT3w9foxpfwoNDaXbyWKB6npyRWoyyHm8LEtLSzHTgoI8ZGVllG9ngMDNIsvbIbdQWJKLi1dOo9/A3kjPzMCGzTvwN3/7b0hNL8YXX36NX7/8Fn73wR/QoEljxD96gLDICPz9P/6DiS4rJulJPavtEr9Lq1gWz9P+YoBluz4BzN6Wl0tNUpCFo35H8PN//yfqrAQWMgubx6xbvxH/++/+Hl9++SU++vB99OzRhWuL8SApDrduX0NObobZV6DIzWdBlhFQhXlmXVZOJpcZOBTlc6kIyakPuL6YzPMQGVmpXFeI/KJss07Hp2Wkm+MKiynS87NQQLTpHiKjUzBpymIkPshFLaf6mLd4GT6sWgVrNq1DdmEuevX9DL9+6UWTD0o3b97EkSNHTJBit51VzIvvwp4uj+dlP3pgiRUEKO0rUFVs4dZ6scitm9fxL//8j/Dz91JRIITuSOvXrl2NPr16YykLNC9HfYTUMGQYwVWWzHMJGJkZeWCASdOSpZl0DWs+HUUEjI7Iy1c3D++lVG1WBcjMesT5AsNghUWEls6vLbwtsZR9HQakOH72LKLi76NuQ3fsO7wfyRkp+Nl//F8sW7aMewCbN2/GO++8g7//+7+Ht7e3WScxX1mePE97ujyel/3ogfUEQBZzSYPIrBDdckOPktPRslUb/Mu//BPFeme8+NJ/4Oy5E9xSjIcPH5qdCgvK6O5KkM3oL5+lL6mcU1Rg2pRK1a5UWoi8zGSUFWVStz3iVrJhESO+UrrAUi6X8TzQ+ge0BOq7cK5L4LYHjBIfoYzgy88t4Lzuk2AionLyy1BIUGXQtYnbqBIR/zABOXmZ2LRlPX75q58zD4qwYcMGvP766xg3bhyqVKliGmrtvsrK8uR5WmVl8jzsmYFV2c1+G5OOkKZQkii3hXlFplLSPhMmTMALL7yAf/7nfzYt4wJVNslDrBCflILxE77GZ3274fhxHx6bhdy8DONWClnQ0sPU3AZUuUWlyCspoLtTNBlPmokotzDaHRoZr/g6p4zc8s8ShaeIFlrJSZ6IgC07zivKuA5XaYz6yu5zWyqPIzMWscB4TTGgGFKuUU0jluulyyzKZWWIQ2RUKLZu3Yz/9b/+F6pWrYo+ffrg448/Ns0Mum9VHtslKl/sPFOyddiT6PhJJ7fy9JvqM+3/XdgPDiw72RkkQImltKyka2j+wIEDeOmll3D9+nUjdv/pn/4Je/cdMqDKzJXaYeabglNbF9mDrFBIoV1SUoZ8+qLsnELqqnwjsMsgNycxTjDhNC/iS7QdpljaiYLEtciIXoKHoTORGDKJNhFJoeORFPYVHtwbg0eRslFIjhqFlKjxKHy4BCUpm4AsDz6EwBdCgBGsxQREkdUwWkDfqMbb/EK6zZxsVoYsAi2f1y5GTEwUzp8/j/j4eLz88suoX78+11tJ4NDzR0VFISJC92o1SwhsNrCUX3ZeKv9kdqqYz/+V2eX4vO0HB5ZqpjJDU51PU60/c+YMIiMjy7MI1Etr8cEHH5QvATVr1sSIkV8aTZPGwsvKzzbiWWxQQn9UXMgtYguCTo2fAhlKVfvJLGU3UJJ/FCWZW5EbNRrFUQNQGNEP+fd6IzesO7LvdkZmSDtk3GmJ9DvNaI2RcbcBrT4yw+oh6547ssPrIfteI6Tfao7MO52RE94Xhfe/Il6pmXKOsFRv8jp0m3kU9gSWAkwSGXJ5Xzk0MacqQ7GATwAptW3bFosXLzbzygc7ubq64t///d9x8OBBs2wDTqCSaV5JU23TOiWB7+n8ftp0zHdhPziwlAliJNVEZYpApho8ceJEXLx40eyjbTdu3MCbb76Jhg0bwtfX18wvXb6EUroAuSXUSWIqWlEhM10lqFKjwCnSIL1idQxLH4Uyt/2R+2gt0mKnID38c2TcaoLcW87Iv+WC/DvOKAyhhTqhONQRxeEOKAmvieKI6px+ipLIT1Ea+QlKo6ugLKoKEF0dZfe4z10ez2Ozb9dH1t32BN0w5ETPR3bcLl7zHkucACtK473RvTFKkCvOpObLzGOFyrOG6khTpaamIikpySzbwUOzZs3w4osvYtWqVahWrZqpbDawtL8AWBGEApO9/X80sKQLlBFKEuWav3btGgIDA/HJJ5/A2dnZdOIqxcXFwcHBAW+99RamTp2KYkZkhRTZWRTZeYUZjMooninIi/PJTgRYWTY1jxHfLNy8Yyh+uAGZkeOQHNILqSGtkRXaAGXhbkB4bSCsFq0msVcNpXc/RdndTwgYAohWGvoHlIV+iNKwD8207B6ZM8y2D2l/4HEE3N3qyA+phazbrkgmYBOud0J+0mwUpRJguecJMLrI0hzeN5mFgk8AKyjvHLeTXcGULyNGjDCd3hptobySFNi1y2rdt0e1an+B0JYO2u/buMPKyvR52I+CsZRs4WknAesXv/gFBg0aZEYX9OzZ0zCYMk011bBccQHdCjMVdKeEmEL/gpxMlKlZoCyduRpFX8gCTduD/JhpyAjpT4Zqhew7dZF71wEFBJDAUxrysQEGwqqSYD6l9KoORNawTMvh3FbRtK58fVnIe9TuvzeAQ9hHXEcQRlVFSXQtFES748HNJngUOgDZ8UsYafjzyRhNij3plgsKMvg8BYatxFLSTmqFt/O2devWRtSfPn0aHTt2xL/+678iMTHR5I/yzk525RTIlJ9atl3k0/n9tNnXet72oxDvmgoomiqDNBWA6tSpg+HDh6Nly5b41a9+hVatWpn9VRDaXkRBrKYntRPllbdBlRZRa2VFc4aRWmEwcqPnID98CPJC29LNuaMklOxEUIiJiu58YNiomIxTcu9jGlknvCoJjtvDa1SwWpbR7ZWG1aZpShfIZcS4EEScj6xG18lzhP+e7pJAiyazxRC43J51rz4e3m6H5NBhyE9cSQ3GYKH4Gu8xFkX5aea+7bzQc2lebkysNG/ePFSvXt00R0h3qnIpH37/+99j9+7dj7uDlOQSdbyApfy08/JPWWVl+jzsBweWukhU05QC/IPN+CXVXmY19uxVl8jfmIZOJekP9buZ8VcUveI3gUpCODUjnxmrkQ1qb7rFlYfIFsOQfKUdcm83QlmYq8VE9+je5M7EMGSXkogq1FBkGE4FrGIyV3Hop9RZ1Ywh0onmzGNdCS4XlEU4EThOBJAziiKoq+7WpIivicKoWsQJXWlsVQOq4vDfkRHftdgrwgE5YXWQeqsxkm92IdjHElxbeZ8XiaR4w7Q5eQxa+EzZaj9hysqwOtPFPJIISgLbHz78CO+/93u6xB346KMPcPz48cduUVPto2MEsG9SPk+X5/Oyv6nsYs/TVItUe2yXZyddvJA6SAPfyhgypaflwaGWO+bOWcSt2ldtW9n47XuvYdnyhaaLpaiEeoLRXzaBKEDlFtEFlGq+EHn5dIUUyCi5isJHa5AS0gNZt6ihwurSRTkSUCz4e5YIt4BUlYX/CQo4lWkZ4QQSxbrRXJFkoyhaObAEqtJwCnqCU/vnhVdnBFmD0WRtYwW2RRJk3Kc0nOL+XlUU3SWT3a1FsDqj+J4bSiPqojCyGcV9DyRHTeQz3kF27gPkFJBdxL5k3vwcak/WtdICFpJaXJkfGrS4eeMWvPbSywQcl4vz0aJlEwwZMojbLbaymdxOyvPKyqSiPQ2I52XfObBEx8ZtldcgJc1bYlMAKjJ9fplphfjVL97E+XPXmCHFyMxOxOBh3XHmXAASk6K5JyMoivI8RlU5PD4ttxgZBcXUWKT/ErVS04pDkJ24igL9cxZeE5Sw4HGPYKHJpZVG1EARdZMKXgCRaV5WJlBxCjISyESIdkZpjKYuBBgFPq2U8yVkJVlRrCPdHFkrsla5OfCajsjjVADTuQVk23XKjeoeQGCXRRKcUXWRHtkL2cmb6boYrSIH2fkFrCAlpnupNI8oY8UpIeBMPnHxyGFvw1aHDu7FtKkT8Hf/52/g70+3yiTdqaR8VT6rx0EusbIyqWgVwfA87TsHlkw1R+5OJlDZ4bW6M+TyUEbAMe8a1muJf/yHfzP9Zm3bN0HdejWRlpHAfYpUZw0r5RXRfXL3bP7HSmwaP1EqYN2kXt9omCrzTj0LEAYwFqBKI2qRlZ5YaTh1koxgKIsUQ7HQuR5RdHcx1GL366E4rh7BVf+xFcfWQVGck7FS7mP2i6ZblMaiWC+Oqo2iaDKYQEbXKMBpWynPX0YmK40gwCMYbYoh79VG7r0mSL43gOSsZolIPksG8gikgsJSshWRpHrIvEtPThFJCVtYsGghBX0VvP7aS1ixfDHzk6EL2UqFqaQ8Vp4rKVp8uiyetqcB8bzsewGWwKSpLljRJYqZHj6IR2ZGGlKTM8AgD7179cP/+3//D/UbuKFJU3d4eu1Hbp7VWazmqZxctVcRjgzZ5Uqp1lkA0Sh8uB5pob0o0lnYYdXogqilyEIlBIwBEgFkQBRhmXFvUWSkcjZCVB0KcQIylkx3vxmKEpqjJL45hV1ryxJboSyB2xIacH19gqqxZbEEX6wrTWzGa5DFBLaiKEcDsqLomihWexdZqtS0g1HQy+0yQJD4z41ogrTIgSjMOMCnijHsq7YtU+eEFeYbxRfXFSEzh1Igzxo5m5rywLhDVUpLk1oaVMnWXEpPl8XT9jQgnpd958DSReQONdWy/dCi6YSEOFSrXgXvv/8eRnwx/PHgOm4yIwauXruIs+dPEUTMZa4jlpCfx/+IzYL8LORnxvFMtHRPpN3tj7Tr0lJyfR+hJORDE90JWGKSYmoliW6jmQQoMlppNN3b/UYGSMX323LaiSzVBcUJXVGc2AGlSe2BR12Bh7QH3VlyXTjtSOP6JE25T1xzlMY3RklcQ8NyZTECKIFmACb3KE1HQJVHmrqf0ig1Z1CDyehWk284Iy1qGOlGozMeWKxTyAJiTdJARjX6qr0rI4dTPrv4qIy6sqgwh3livamtt4neffddzJ0793F0aLPXn7KKYHie9r0CSw8retZU69SK/MILv0S//r3xSZU/4Je/+A+G0R9wH+qN8uhIol0MVZBf7gs4KaVLLM3XWPNoupEA5FIEZ91pYqI53HkPCPkdtQyjM8NYFM/lwCopB5QKHtF1yDYU9/EtCKS2Fpjie5OR+qI46TOUPOyBYlpBfDdaLwKnLzFMS+hJUBFkD7vRCLTEdlzXGiVJLS2GI+MhhuflNcpinQyoFDBIb6nJwrCngKWW+6iP6H7fZ/RZFSl3GiAr7mvS8iU+ZzqfN9vopZzsdKvPk75QgJJl5OQaFpdEUAVcvXq16cgeMGAAatWqBQ8PD26zosjKyqSiVQTD87TvHFjKHE3/2AVa0YqmkydPRJu2LdCieSPMmD7JvBUjN5CdlY9cUr+wlEmgadgLMWblrDKVYbrC9fzo8cgPa0P9QndGTVV85wOUhf6BhcbojiZdU8qp3JPEtwocsYwU5cLIVkjisYkdaV1RlkjQJPZF6cN+KH7UD/mpA5GbMgS5ySNQ8GAMihJHE3xf0E32Q2FSNxSJuchaSCLbPWhHlmuHsri2PHcLAy7IRRJEcoNgRFl2j4I/Qm1ecs9VeG9/QOndD8hc1ZF/tzpZtw1d+jo+23XmQbLRT6pJVgBkaSh1YquzXRkhcPXp08uM7e/VqxdWrFgBd3d306isJEFfsSwqs8pA8TzsOweW2ElJtCyQaVmtxzEx1BOcl87SuKR3332NLjDPjGPXq1lClKIjuQABS8t5mdQeWdQTRSk84W0W7jo8usJCjCSooh1RGPax0TCIVqs5XWIMRXlETSOcjciOofszwrwBQSUt1QJlBEfpg04EFFkosT+ZZwTyH06kYJ6Nh2lLkYtDyCrzQkahH9JzjiAzfQe3LUUG98l5MJQg/IzA6mrOUUL3WBrXmUxFFiNzld2va1irLJYRIdlSbWAS7UX3GJ2GfWLuF2FW95GixcJ7dZAZPgglGbuZY3F85EIyt5iJ8GKF0itqGkKtdq/sHDWMlpoGZPUnqqvn7/7u79CpUyfTBSS2UqqsTCpaZaB4Hva9uEKZkny/kga2/eM//iP69etnhvVGRNzDiy/+HGFhNyQeUFTA45iRApbEukZmar6EorYshy6wIIonO4rEa8NRFNKUhUPghFenYKbbi2bEFSNwSccQYGoyiKLWiWCBMuIrjRdLUYwLTHRlefFkmJRe1FL9kB7aD5lxc1l4Xgz+43AtIxpeERHYdi0Ua86FYM/tSJynaI4vTSLYrqIgbx8yE8YiJ7YnGa8zimJbEZzdCFiyWCq1Whzdc5wb9RuvK/aSG+a9KAqVWzSRaigjUTXAqimC0/Q77kiNGMGKc505lcfskDvMRFEuM4REJd2lEa1lFO2KlJWGDh1qur3USm8nqznHSuoqsr2EtK1MSRW7Ihiep33nwFKzgu0GRelKeiCNqVKn6tvvvoN1G9bi+o1LZgyV2m0K84uQm6XmCTEW662G/TIPS6g7kHufmX6FGmg9Um99huK7jOTC6ALDa5o2qqKYqiiOJQsIWIzKpKnEFkVRjNRi6qI0gQwnAZ7Uw7JU6qrkgYzMhiPz0RoC6jJuZUdg5M4DaLZgDz4avh5/GL0XH47eh98O34wqo1aj28o92HbpIqLzwsgpwchKmYusqD7lrEcXGdcBeXF0k9nSaA3oteui6H4dw5hlvA/TvEGgq7lDLfiPgUVNmH/3U2RHdDYBCSmQFS3bNCIX5zEPDWtZ0bCYXuCyARQdHW3yWm9xb9q0ybyprRERdrI9h8pEbKayULlUBornYd8LYykctmuJxlVp2IsyRA/YuUs31HKojaxs9ZkpCrLcnmjfjH4hoPLyVVu5spBsVXyHNHYE6eFfITOUUVwYXRvdi7RLRWCV0g0qMlPkVxLNgo2tT3FNdksiUz2QliJLJfTmfH9kxBBUWfuRiSQsYRRae9YqvDByGd6adgDvzwrAR3OC8eG8YLw31xe/mbEfb0/ZhipTN6PutEXwuHcRGbiG/JSlyI6kuH/YhwFAB+TH8zpZvVEYx+CALFnEqLE41t3SeeXgEmMVR6uR1YFAo+umaywOq4K8sGbIjyX75F1gnlAn5eeRxQkCVTQGMfl5Vr7awND3J/z8/EwntcbMa/yWhtqo4pqh2UzyFnaZKGkqeWID4Xnbdw4smd3OomEvemB1pgpUhRSkGvgWF59ogKfQOT87C1lpqQZc+eWNoGowLC6iZjDDTs6j5NFyPLzVFXnhTalL6GrC6eZYOIr+SmJqoJhmwv0YNxRGuxNUantqitIkah/DVP0ILIr0hIHIihiCnNT1SMF9jN1/GG+NXoqXp+3F6wv98YvpR/DKzAD8erI3fjnJAy/N9MYbi4LwzpJjeGteAN6ZsheN5u/EodCbjM8uISdpDgoTPqduY0T5oDtKGBAUx7dnRNmaLlFNGg0NyBWdqtFUEaLcpLqByhg9qmNc7VuFd+sgI4QgzdjB5xVDq2mhzLC33mPMyy0yzKV2ZTvJ3YmpJNz1ZpI6rvUBEzvvVdiqzAKT2MvSt3/BjGUnPdSxY8fwyiuvmBqmdPbcBbz34cdGKSjj9I0DI67UUspcy8jKNC8l0BOSuilWy6itir2RGTWG4Xkj5DLSMq3cNAtYjLqiHR6DqpgsVUihLq1Tkkgt9UDtURTbDwagLKk/CpJGITVhKTJLbmCe31G8O2wp/rDoGIFzEi/P9sQbC3zw6pwAvCxwzfTHS7P98er8ALy2IBCvzA3EqzP88Po4D7jO2IngmJt8ist4FDuOQn6giTAl5BHXBSB7lRJcJbyPUkaLxdGu5l4Lo1gJ4mohP6KqiV5Nc8k9JzPYMPVWHYJzEkEVIj/GwmL+EEzq1pIbE6PbwLK7c5QUGUpvjR8/3jTtKMlFKglkKhOx11+8K1RKTlabE8vzwQP8+te/NiMhZ82ahXfe/R0GDvkClFSshaUm8ilUDSOwCguyTaezhsMo//LVblVym7mzBSlhvZB9zwV5DNlVOOo+MWxlulesZgVFf3J/FqhaE0gS6z04pasiqEqThiDv0Uxk5B7D1bRYOE1cj99O88F7yy/jXyZ44K1FAfjNQj+8tfAoXpt/DC/NDcKLcwIJLoHqKF6edxQvzjuB1+aex6tj9qD9ki2IKbuP1LSNyE8cSUYcQEBRc6ndK4GATmiLsrjmprW+NKqe0Xy699K4moxF6L5N9xOFPIFVfLcWskKqITuarjrrBIHFSLCs2LxVlEvm1vuONrCkMAQSFaYqr4Y3K0rUiAg1nA4ZMsS8YqayEFsp2axlH/dd2HcOLDvstWuNGkXr1atnRka2a98RGdkFBjhpKeqe4QxrkV6lIschvzAHudQWesultCyNWuMcMpNmIy2iPfKiGAVG/t4ClmErNSkw0jJs5WL69cRYSGhJ18co7UE34wZLKK6tBtAvkZW6BllIx5Ath/DaiFV4e+Fx/GymH37NqQD1ygwvvE4wvbkgGG8sPo5XFxzDr2ccxQvTg/DS/ON4Y/kZvMB1v19xAi8PXYwlZ04hG2eRnTCdoBpMcJEdE/qQvSTq25C9GlNl0yIJ+EgXw7K6ZxPNalRFtKMR8Bq6o+dKvtsahel7WdFimEd5yC22RnKowgkY5bIVaWnWmC4146gFPiAgADNnzsR//Md/GJ311Vdfmf3tZLtElU9loHge9r1oLNnVq1dNm4te21JGmIzhQ6pHX1GfOln10kN+tl540LocAyx1OueRvfRWTWG2P1KihiM3ugnBVBUlke8/aVk3jMWCUlsVQSXGKlYjpVrGk8gYSWKOntRA3VGQ2A9Fj8aTXXYjMC4c1cevx7vTDuHlOWQlusKXl5zAL6mv3pwXaID1yqxA4wpfpJB/bc4JvDqXrnLuCbww5yh+PsuXgAvEb6Z7oN3qPXiEGKQmrkRuBBkrlUYQG12XwPugzoJhrPoElRsB5WgqhBpwpRMRq7auTzn/MXDfkTqyMfKTGdmVXGNepZlX1oo0ZEat8BpOQ8qSNlVBCiyal/vr3r07fvnLX5rIUEkuT9sq9iEKWPax34V9L65Qrza9+uqraNSokRkJqZqkaCUjI828WaN2GYlzY8V0gTQNO85nRuaab0gRWGUxKEzZiczIzsgJ00C8KigK1YhNqz9QHcxFEbRwMhVdTVlsQ6sfTw2XZCkksZATP0fpo8+R/4DgfDAV+TiDOcfP4J2vtuIDurj3Fp7Gr6Z744VZ3nhltg9enuGN12cfo9HlzTlGo1s0xvnZJ2mnuc8JCvnTeH26H97/ajlOxIYgI9MX2fHDLU2XwWve1/XJWo+60O01Qg5BVRhXBwVkKHPvEVZHeWFETVNhCiI+QT7dYkZYC6RpzFbxUVa8WPPqWn5xkRnlwZVEjNUyryT9ZAtyfUjOznsNBJSH+Oyzz8w67aOCV6oYKf5X9jRgvql9L8CSnpLfV9JQWgHsiy++4FKpyayi4lyUFlrA0rx5jYsZKLP6xCjci0KQE7cCWaHNWMMZmsv1mREMNTjvzNruzlreiNOmnDY1WiYvqjEFcBcUJZIxKNgFrLKHg5GfNBqZDxYgA9cxcJ8vXhm7A+/OYrQ397iJAiXYX2fU9/q8oMfA0tSAiqLdTAms12edxavTTuHNWWfM9t+MXY8dV28itfAS0hgYFD/shPxYCvhkXjuuO3VUSwP2ogTemwKLeDJvdHPkR7ZGRlR7JEe2x8OoVkiKaoOHEZ2QdK8/YkImoSz/OCtWAqPkLIJBukhcTxGek04gPclnJYFFTCTxrncGfv7zn5u81xvWYWFhZpu0ld0M8XR5PW2Vgeab2PcCLDWG6m0btbWoK+e3v/0tZsyYYVyhaqAApPFHEqRqgsgvLjHuUf1jZmgIGPUUXEJ+3AIK9lbGTZjumrtVgTC6wDBqqjC6v3Bqqnt0f+EaR9WABdeMLq8TCsUcjxQN9qd9zoL9igW/km4rHA2Xb8GLk/fgjbkE1OxgvDqP4JpLMM2lrpIRMLa9Xg4sRYQvzqPLpDsUY70yk/prEefHrsMUn2BWg3CkPpyIIjU58LolCb1QEkWAJTJCjG1OfcUKwHtKi+iODEaRGQ8XIS1vG4HugUz4UfcFkqP9kYNgxCX7UV+RrQut9iwRVFlh+VcAuWALcCWxkYAlXav8VQ+H3mrSu4o1atTA9u3bjQwRuJS0X2VlVtGeBsw3te8FWLqQ3rL527/9W9OOpahQGSL6NsxEAKmFQWYDy/5WqBmaW8qIMIvCPXwxHl7rjswbjVF0m7WdGiQnpCVdCAstqguBRYEcQXF8vwkL0RpTJdZQh7G6bAywkj5HsQHWGjxEFBznriL7HMYbi47i17MJrvmn8NKsYxTuQQSNPwF19LEZYNEsYCkq5DxB9RIF/evLTuPX49dh8I6DBAajQ7ra4od96KOGISeGgJLGu9+JbNuS7pDMFNmX+bMKRQRSRJ43PCO2YvGZBZgUMBVTj07D4nMLsPHaapxJPokkxNNt55k3qLPTM1CYa412KCy1XvCV+1Ne26JcKSEhAQMHDjQd1Hpt383NzUTlFV2h3fzwp6wiWL6NfefAEuWqYVTCURHh0aNHzUNJZOpFCvMeoKxQjX5iL7lBS3fJpLWksYpTriDp2iZk3V1Ovt9DBO5nYa0k5e1ASfIy6pKxKAjvS93SAoUx9RnaE2AP29MVdqMr7GWYSq5QwNIohfTEVWSsCLjOX4s3Z3sy8guktvLFa/MpzmeTgWYE4OVpPgSTf7lJyD8B18sU9rLXZhCE0wPx1tKTeGXiOgzftQe5iEZG4nTTrFGY2AclDwgwI+C7IfNeZ6TEDkVa/kZEFnvga+8v0O/IcLTZMwB1tvSA44b2cNraHu67OqDp3u5otaM/vjgyFUcTzxOwzBMGNnKDYqvcQs1bTCVwCVQqVAEsPJxBSfXqJu+1TUl5rgqt/W3mqqzMKtrTgPmm9p0Dq3Pnzua7C/7+/uY1Lo0d0oMLaPrAmXSV0VflwNJQERtUBljqF1PHc2YkpdZNurkgFAWvRcrBOXh4aBaSgxaSpXZTJHsQSKuorYYiP4YuKL67CfOLyRRFLFw8HMTCHUyADWZUSI2VtJQu6y46rN2LN6bsJ1h8DbDkBt+YR0GuqQA114/uT2YBy7hEmtFaNC2/SnZ7Y+EJvDtlMxYEB9CF3UBm3FQD5oJYgvohmTKhN0qp7zIejEd60UbcKfTEOL+xaLGnD+od6ou6ngNRx3cg6vr1h5t/T7j6dYerT3fU8+oLp/Wd0XffWOy752M6wDNLM5GalWZ6uWzQKE/tJPCoeUdfGFR+a5yWk5OTeU1fjdRKdot8ZWVW0SoDzTex7xxY0lOTJ082Pr558+YmOhQlW6Gv1VVjwFVAd0iNJYLSSAZbY5WR9pGTAVw/g4RFk3G6Y1ME16mJEy5VEOz0e/jX+T28G3yEW4M7AZ4rCJ7DQMpGiuaJyIgehKKkfpZ4fzSIBTsUhclfIOfhaOQkzWL9v4SvfU7i7QnUWDMZBc4Jwq8p4gWs38wLxluz/Q2oXplHE5DKgfUWXaWtuaTDXpsdhDfnHEfVaTvhHX4VOYXHkBXzNYFFMCcOoO6mG04egdTYUdRQexGKoxjmPQZuG7qimd8AuPv3gotvTzh4d4ezdxe4+nZC3aAuqBfcA25BveHm3RuuO7uh7Y7PsfmeBx1jGrJL1FkvdrLap9SbIcay2w2V9JmCt99+24wsVbCkSi7tJcaSicEqK7OKVhlovol958BSD/s//MM/mPYrfbFOHxezG0vlCg1DGVdo6SxJBH12yHwELY8r8nIQt3s7PFo3xb4qH+BszRqIcHVDtJMDwmtWRajjx4hs5IKLLnXg6eKC6xNYmLfoJrPUUT2VOmsE3VE/yjSCLNkCVu6DUchLmkyHEozNl6/gk6+34Lczj+CN+Ufxi2l0gXSFrxNgr061XKFApdZ2w2blwLLARddoBH4g3pnmC9dpG3An/TbysvcjK3o0mcpiSDwajsywQSjIXY3wYj9MOTkbDeji3DwGwsWrK1x8OsPZnwwV2BN1/LvBzacLAdYJDl4d4ODXFbV9u6LRic/hsqc7Ou4fDv/0S2RFqzNaX7FRJVVhKr/FYGIjuTnpL/3QgQKnunXrmtGlo0aNMnmv/e1G0j9lFcHybeyZgaVki0elitv0cNqmB9eyqHnLli3mgXVxsz8FqN5M0XBkrckls2eR1ksKcjmTgntL5iGwBVmKeiGmQSPEuNdDmENtRDg7IdrNGbF1HHHPoRoB5oSY5i1whEI1oB2jrlveQJof8iKnoSRxDFlvHPIfDCST9ad4J8ASRiH10TpEFyWhw+Jt+P3ErXh1pjdeJKhemH0Sb849RdY6boGHzCRQmWiRwKoo5tXVI7b78OttmOHLiLD4AorSVyDt3kCCaghd4DCy6FfIJ0OWwhcbb6+E25puqO81iCDqSxBZQJLbc/XpadjJNlef3gQd5wM/Q3XPjqjj1xt1dvVCf4/JiKPuVLwsES83qDzVVHkukztUx/S//Mu/GKaaPn06xo4da9q4lNTlY5fbn7KnAfNN7ZmBpZvTiexoQw9nn1x9VOvWrTNvj6gPS7/yYLOVHtx8zao8ClR0KGDlFdMF6hPVWelI8T6Mo21b4ryjA8JqOiPeyR1RtR0QSb1wnwCLdnNFLJkrqlYNRDvUQqyzC6LqNsKZuvVwZTQLNZZ6Im49siTsk4Yz/KdbEotkEmjJI5EcM513EIl91y6h2tjFeG/mIRMRvjDnDN6czyhvih8BVK6p5pwwwJI7tIT8E3t5zEY0m78Rlx7p/UAfpEV8wZKjpQlUw1Ec/zUyHi2npgvG1yenw2VHH6OlnMlQLr7d6PpoBljdCSjqKwJMgDKg8uW+/n1Q27szdVcPOB/qhU4eo3A26y7FfCH/WX2Ays+Kea95MZeaeFROaj9UZ7Ut3uUyNX26PJ82+3zf1p4ZWHoAmf1gumHVGKUmTZpg5cqVaNy4sfnWgPoHb9++bWqXknkBlWwlgElvCVAlemkih+x3NxKnBgxBQLWaCKvtggSnxrhfsx7u1SBbOToiytkV4Q5kLdJ7ZM3qiHerjdBaVRFHUF13doMf3WX2xjn0q0eRe38m8hKG87xfsrCHUpAMQjHdY0HiOJSk78Oj3LsYu/cg3hi2wOiqXxNEv5jqi98tO2dYqSKwjNaaK+3lT3Hvh7cnH4LLzK3Yc+M8I7abKEiZy8iUgj2DII7rTgB/gez745CcsRl3Sn3RaX8/uB/uS/b5DC7+vVGbQl3mSBfo5N8FLn4dOO2AWoGdUDugmwFVHZ9eFPY94OrVA3U8+6DFvs+xJdSDSiuHOtF6p0DgsstC87Ypde3aFf/2b/9mRu22b9/eaCsllcPT5fm0VQaab2LPRWMJ+XoITe2bVZJ4VNuVhsroh4rs1l8l+6H1lTvzehdrXlEetUEu5zPykb/rMA471EWoW30kONczoIqpXhf3neoikqwVVl0s5YgYslkkGSvGhdqrdjXDaBFOdXDD2R2n2zZkwQYRRCuQFzuS5x0BpA5BWcpg80JEKSO05LBFyMy+zPiwBD12HcdvZhzBS3OCzUgGRXoGWDR149jAemUedRftN7O9UH2uD1bcTEIiXVNiymGkxUwgI1LHJPcliAcQxEOQHjcGyfkHEPBgL+pt6oB6Pv0skASQiQgwmaNfzyfACmj/GFjuAZ8RTL3QwP8zOB/hMpmu3s5emBG8DCkMBXLKnjRyKk9VsW02UgXXcGUN/lPHtL4p/9FHH5mhNSr8HzWw7GSzlJhLDyYXKeqVK9SnDkXL6nFXRKh9pbvkFk2fYCE1WBmjnKIcAouC/WE6bg0bg+PVCBz3BohzckN4ldqI+tQJD13rIZ6MFV3jUyS5uyDa1ZF6i0Cr9iniKVIfUMTfr+GEuJpuOOVYEyUnthBMB1DIKK34viJDusL0L6mxRiAlciJS4/cQEvH6iiiW3svG7+d444UZjALnB1ntWuXRoK2xbGCJsd6Z5YXWW84jkASsV0VjM84gPmYlcuKn8pqjUBj/GV3iAGRQ42WW+WP7nQ1w39IFdX0Y/nv2QL3A/nD1tsxFYJPrkzuk7nJilChX2IBRY90jfVDPvx8ceYx7IAX/tm4Y7zXHACu71AKHCtN2cTK7bNRIql8v03YlNT2o31DpR+0KZfYNKumk9nolPaSApK/07d2716yz21C0TeJTHc0FhfpKMUson8CKvo+jjVsgxMkVoTVr476jK6JqEkzVHRDvQK1FVoplRBjnXBORznSBtWsgzsUVj9zcEVfbCQncN7GGMy44OSJ+63wyyFGUxqhdaQSKH3yBrPgxyKPAzivwF8/gSMhNdFy2DdVn7sJ76iNccBxvLT1thLmiwT8GluYtnfXOLB98MuswGizci3GeQbiWm0jHFEt35IfMxPnIiPoCJRTwWUnjkVUWhO23NqDxzj4EUjlIAvrBzYvRodfAcoB9hrrUWNJZan4QsOr6it36GK2lY+oGDIDrtp6YFrSErjATWSU5Jv/tfLfdoZ3/+/btM53++r6Wmnv0nVPpLlV8lYtdVv+VVQTLt7FnBpYdjdgPYzOX2Ejj2/v27Wv0lZocpLmUxFYSk9pfjXymLaaIMU5eDqesWbfv4KibG2KcnBFe0xLl9yXMCaioWk5mGl3zE9rHdIvVEFGzBh66N0SCqzuZqzqiGSFGkb2OOtbA3QWT6Y5OIDd8HF3TaBQnW0I6s/QKrmfEYvj+AFSbvg2/m7wbr0w8gLcWnMIvpwfh5bkn8R8U769QWz1xg0/Mjg5fn+aFd2Z64MVRG1F9ykasv3QDSWWPkJF1HCmxS1CYOAHZiZORVegD//t70XwXQeLTH05+3eESIPBQa5GtnHw1tRhLYl6aS67Q0b87HPw4T/HuTCarQ6DVIziXX9mOZAIrUyNB6AKVlypQu1zsAlbSz+epS0ed/3v27DHrlFRG9v7/ldnn+bb2zMDSSZQ0FbjsZbk/iUX1rOv75YoKldSVoNqipOOFQ/02DVeiNJuikutw+SpO1atvQBXvVsdoKoEn2qE2weZqgBNLNxfnWJ1Aq4YERof3qtVClNisXh2EOlTH9eqfws+hGsIWzyJybyA/agpyEscSVCtZyy/iStYjdFx5AL/5ejvemOmLl6Z6m07oFxUFLjlnBvO9Mec4QROId2dST82SWJcLtNq0BDaB64WpPnh70SnTZ/j2NH/TJjZmty9iC1OQnXcB2UkrzCtlelnjWvphtCbbNPD5HHUDe5k2Kiff3nAqB5bcnyJDRYoWsLqgln9XM1/ds4NhMXcyW5MdA7Az1FPNpMgu0hvTVteYPgelmlqmX8YoKe/EZ3nYYt189Jf76c1qlZXdDPSnTMf/OfbMwBJDCSi6UXPzPKmSOkE1clH9VWr5VXeOWEruz3aFCgaL8uj+6A6t/gkeq7d0wiNwomEL3KruhLs1yFguBJKDA2JqC1jOiKjFyJCRoJoY4lycDdDufloNiQ3cEe7GKLGuA8IdayGg1qcIW7OAF7mJ9LuTkJEwnxI9GqeSktB40UG8Om4nfj3NA6/NP4r3GAG+OjvIdET/bvV5fLTmHN6d4YlPpx5B0xUnUWXqAbw+fjveWx6MN5cG41fTffHqTAKMwHt7/im8Ou0Ehf9JarRjeG/8NvTd5Is7WakoyDuDR1FLkZG6HqnwwdRT0+CysStq728Ht6M9LEARWBZzWU0MApgxslr9IK737W7EfYPgwXDf1w/ttg3HubRbYByOglLKCX1bvpiSQ6xP9rK/M18sK7baqgQqbbf30/uJ1g+F/ucyrWhPA+ab2jMDy45EJNqVtGwDRxdQFKgXKuUKu3TpYrYribn0G4J6j7CUkaGYy4BTX5CJvY9jrTrjTp2miHGrZ7FVrVp4UIfCnC4xgkymaFAMJjYLJ+jEbHerVTVNDiEElFxhALVX4oG1POc1ZNxfZVraLz6KJlMdwtuT9uPfx3vi1UVn8G+TPPHyTLq/WX50gd54afo+vDNlJz4YuR4bLhfoCxHYeqsMzpP24K2JO/D2Qj+8uSAIv5zsZcZvCVjvL7qEt+edxa+mBeKlyR6owWix1+r9SCqKR1Z2AKIiFxAInvC6vxUdt3+GVozuah5sbwBlA8tiLRkBZtirJ2od6oCGwQNQ/XAXOB/8DE12DsKMsxupDNPBOJzAykdxCcEiwNCMpCisDFjloCq3Hz2wJBwFFmktTW32sgFkay699q3OaJvhdPEnbKfhMcIUGYvnQ/IjhEyYhGOObgij64tSLz1Z6171ahTwtfDIpR7FfG3EUpyHUUfJ9cU6uxmBH1O1BiKqVkcCGc+T7hKhgdQ6nqb/Lrr4Jr44cBi/HjIXHy4Nwqvzghn5nWUEeAmvLzxjXut6Z8ERvDtpE2qPX4ODN/MQ/wBYufg4ImOA648A9ykH8frobXh3URDe5P56ueKlGYGmpV767EUC6sU5Hnh16mG8OXwppnr6IqEsBvEPd+H+w3VIQCDmnZyEZrt7oz5dohsFu4Dk+LjZwQaVpbXcgnrB2a8X6geSrfYOIChH43RuKNVVMVKyMh6PgS8uIQsJPEX6smE5aJ5irBIBypj2/e+7c2RPA+ab2jMDy3aBSgKXgKZks5jdj1UxCXSPAUYvyHx4/DUZc3weGe/EMewl69x1rYfITy19JbcXU4OAqulkIkW1Y0U41UBY7erUWA544NwAjxzrIbFuQ1xydselfl15rhuICN3D2h2H9Sc9UX38PLz79SZ8utQPr00+hDemH8dr00/ihUlH8MmKYLPNbepWnH8IxCcCi0buwsSOSzCj31aEXQNupQBdV57Gm2O3kKG88Po8f7w8J8CMh3+RjPfKAuqwRVb/4tszDqHa5FXYcv0ishCCG7eWIiXPA3dyj6DX7sFw2NgN7p5ydWok7U09JYCVA8u0yHdBbZqTN13i4X5osX0QVlzZS9FegHSCQ3Gf/XMqBlwGLDZgKgOWBT6B8Ml+f9qeBsw3teci3m03qGUbaJpXEoC03Y4eFYlUZCx16egLffoyn44wY4zE4+kpODt6FI5+6oD0xq0QSa2lhlCJ83vUWved3HC3SlXqK4Kudk3cr+GC6KouFPINcbNuPRyq4wQEbDcRYTrt7oNQdP56JqoOnIfqY7bgg+Gr8f7IDfhg3D7UUNPBRLq+SVvQat5h3EgDYkKBKT3W4etG87Gi6zbMbLkOY1utxoWjxYilLBy26zLeHrMKb87Yg1cXeOKVRYH45Wxf/GoKtReDgDcWnsIbBN3bU3fDZfpyROY/Qmr6OUSFreFTnkFQmj/a7xqGBkcsDfW4BV4NpYoY/dRY2sUwlptHNzTd0Qdzz6+hC0xRWzv0nXh9gUeV0lg5uCzjPAEls4H1BHQVwfffW0WwfBt7ZmApCSwCjcwGmaamAZTspHmByU72OqV8ukG9Qq/M0TTH/JQtF/RmztVLCGjWGlfoEkOq18TdTz5GlIsDYuu6IpQu796nFPBkKwErvpYbwqu54LqDC4441ED4/PFA6lWkh+pnQuKQnJGHy+EliGCAdC6BpyZ4zqcDu+8CQ7ZfQtUvV6Lf+mBcSuL2kwWY1n0LZjRdg2XtdmNVhwNY2noPFnXcg1HNluPw1kiyBjDV9y5qzNyOF8etpUY7jN8sOY2Xph0l+9HN6k2eOUH43bITeHPMaiw8ShFf+hAJSd5IzPFBLMKxIHIrgUWx7mc1K8gMqMhWApUYy8mrM9z2dMYsAvI21Z4iwUeZD61IWoxEs8BlMVdBudngsoBlgesJ8P4CgCXW0VRJYJHr0zolrRegNNXFBCjbtE7AsxpXuU8hmS9X4LRGQ+oDISjMRr7PEfg0a4yrjo5IcqPmql7FtF2FV6uGBBe1bdW0unWor+65ueNy0ya4M2YQA4BTKE06iez4M7yxNATvO4ezhxJw1SsbAVvicOpwBg7uisTV0BKcjynB2JVeiGFAevVMEYa3XIElHfZjRWsPzGy8HzObe2B5lyAsbueBuS23Y0r7ddi84DQyWAcW+N9E48V7qcv24XfUWL+Zd57i/7hp/3pj8Un8YroX3p17EI0Wb8cpPtNDMs7hyJ2YcXkuugYMRl26OQFLZndIq+W9rjfdpBddoGdP1N3TDUPPTcO62H24hQi6VX0vjDdb/j0H4/IEsArAssFlA0sgq7je0mH/uTyftqcB803tuYh3CxzWTSgJGGIve5uSzVrSXnbSMab/WZUvjwymse7qiOYD63dnoJ8syaRiPhWMmLbtcOPDD5BEnZXo7IAEV+otAkrNDtJeEY7OZCsnJH0+ALh7kcddR9y1/TxxErKikjCr3woMd5+DcfUXY067zRjfeB2+aLIYC8bvQI4+FcHbvBCYgoldNmBa881Y1tIDq9oEYFG7IMxvdxQzmh3B/JaHsb6LN+a32ISvWyzH8gneZpjPnivpaL7AB2+P3onfzgzGOwvPk62CGRQE4yXaW/N98Oa41fjy+FksCvFDt70j4L61PVoE9jVAMqAqZygNoRGwbFBpIGBLv0Gou6s7GmzuiUGHvsbxtItkrlQUFOdYrCRg2QAqB89jED0GlW1PgGU1S1RerrY9DZhvav/tDwhUdrHnafoUD6GIUo3uI8AEPtMeIwGfS9a6fA65yxbjfpt2CK9BdqpZEwmMBu+7UsDTIj79lEJeox2ccau2I+40bI70r8cCp+kCc/UpSdZsYnNOj41Y3Gk/FrTdgdXdPTFPbNR6F/ZOC2IUylhh3W2MabYIi7vsIzMdwqr2AVhJQC1s5Yf5rWU+WNjaC0taeWBJ6wNY1GYfZnfYjUk9tyM2kqKe4Oyy1ANvDN+M16b64IUZNGo3vZ7/W0aV78w6iPcXrIbrzimod2SYGTZTP7iv5fYMSz0BlWXdTfdOnSM94XKITObVh0K/H9wZTXbdNwLbQvbhIcGVI8Wl18FKy5CZnmF5DOaoXsVndTcgssD2BFwCmkD1Vw0sCUn7h7wVKpcJCHrNKSkJEatXwaN9OwS518MVujq5u1gnZ7q/WgitVZ1mu0Mu166B2xT116o647xTHVzu1QHXZ03keXhuRnjTW68jMPZTM+3DivYemN+E1vwQ9nwZjOC5l7Gg5QbMarABa7v4YEGzg1jSxg8LmvtgUSuZV7kdMbaEtqyFBbJZrXZhTNvVuH4h2+iuYdsv452Rm/DBwkDzdZpfTPI2b1K/Nc8Pv1+9A9X2zUZNzy9QnUCpbVrZy5sVygFlj8tSG5asUSDB5NcXdYL6G3M83IOaqzv6BozFiuubkVAu5nNYEdWqroqp/tc8Rn85Atf/VGBl51Iv0A/llDJTShgRZlBRR0Tg7sTJONGsJc5RuN+u5cKI0BWxznUR7uiKO7XU8cwo0cURMW5ORsxH1rXavEI/IXNVIbhq1MbhOnURuXGnGXqwottuA4RlrQ8a7bS8pTcWNTuElZ0Fll2Y6rgeS5tyuU0Q5jX1xrL2wXR5Plja0su4RdnSVoewiMcubE1wtfSheRGQB7Cw0x5MaL8CpzzjkUyynXXkDqqM3YR3p3rgvaWXTd/ja4t88cbSDXhn7QQ4e40jaAaj1iExlJjJYiiZmhoqtrzX9WdU6NvLjB7VEBpnnx48rhOcD3ZG6339cSg2EOQppBVlQL+Gpgoq+aEfWtC3Hv4oUiwHmID1V+8KNR5LzjAfVKEFDNliYhA2YTKOfFoTN2q7IF7jsQiuGAc3RHIaSXBFOHHqRLBpuAyZSsNm7jm7cN4ZcbXckezYCPcd6uJEbVf4Dx5hgLWhzwEspkYSOJa1PIS1bQkMMtbC5gRaOx+sbROI1S0Csax5IMEUjMWt5Qb9DbBWtPCgHSoHFo9p42EYTMy1qoM3VnWke2TEONBxCg6vvmx+22fN8SQ4TzuAl8YdMKMlXph9GK8v24rfr5uFartGo0nwWLhImFO8267v8chRgsoyCnvvrnD06gLHI10JSO7j18OMjVf/ofuhHhhw8CtcyLqukVlIL8ywQERg6UVg5WvFKLAisLT834FKVhkmvon94MDicxpdgDJWdQr1xLkL4FeFWsq1oWkIVZNCaPVPcYsiPbS2gwGYhijHO9QxLe0P3MlKYrBqtRHrWBcPnesjqaYL7lepgcsOzrj41TggvhiLO6zDnGa7sKItGarpPoKK1lKukQCj21vZiqBq4ovlLYKwolUw5jb0wtwmBA+ZSeBaWs5YS8pNAFvU5gBmNdmGlR2OYDFBKpBNqL8KW6acRAqJd/+dXHw0biN+O9cD7ywNxMsLduD9tUuomWbBxWsogaRx7eXNCwSRaRjVCAdqK3cvC3R1/Xqa18HEVA6eBBdBWCeA2wJ7oYEXbUNXTDu1hN4+nYI+3fwEjES8dJaAZdqsTKu8wGUxly3gKyuPp60yTHwT+4GBZUU0igaRn4kUj304QgGuzufUOg0JEAp06qY4NxdEu7si3NUR0bUcEE/XKGDF1nZDomsdgo06i65SLJVEd5jIfWKrVcN5ustb06YC0blY1mU95rbYg8VtjmApXdniFgQWRbgE+ezGYjFfLGlM0DU8jNVtCTIuL2zmSWayXN7SljzOGNlJ4OKxts2uvwurWvphTWuB0gvj66/G9EHbcZ9Bw1USccNFh/D211vx4eID+O2ipai+fRbqeI+0Opzp7mwTsAQqiXZFhTINSXbzJ9hoApdYy4WuUwBz8+yOJhT0zTb1wtk8i7X0RRrKLAMs/Zqr3eJuunoqAOubgqsyTHwT++GBpV+a0M8thNyGV6f2OE7XFlPHDeHVCSi6wuhPaiLRkUCq54boOup4roVYjXWXWySYbv7hE4QTgOG16yCsmiMi1K/oXBsRLjVx1LU2wlatBiJzsab3DiygvprDgl/WJfixEJ/e+CDmNj+CdR0CsKLZYSxssANr2nrQvXliCadydwZY0ls0zZt11GsC2eJGdKt0oytaBpAJfQhYXzKZJ+bQNY7ruha3rubp8hiwIQhvDJ6Oaku3wGnXOoJmHBw9e5kuHLW42w2jcouPNRcBJiCpS0duUlpLJkA6+vBYWoOjA+G2tQvmnlmFOPIWecnkqzyBmnxMQKQoWyMayoGVX2rZNwFXZZj4JvbcgKUb/K9u8r9aLx9fos9DZucgdtESnG7aDLdcnBDlaA2PiSUTJdZ0wyOnurjv7Ih7NasScJ+UD5+pg3u1nKm3apshMnq5QiMhohkl3uS+Z+vXhXe7DsC5UIK2DHPabCKACCK6vaVdjmNWo73UUZ6mGWFBK4r1Vp5YSQ22ug11WMu9mN1oq3F1pnnhj4BVkcG8CMJgLGxEsDX1xZr2x7GYumxWk0NkxwOY2WYrRrecg0tBCXRSwAyPy3h/2FS4rFmE1oFTCZqeqBXQnWaNvzJdOEZvWdGhYTAylYDl7NXVuMV6/p8ZcDn79YEzxXzVQx3Q1P9ztNs2EKezr5nmh/zCPPOL/WqntoElk0tUp/U3BZWsMkx8E3sOwLLE4ONQ9qmb1XLFh3ji6y2KRiEFe1wUjrdpj2sU5jF0bVE1a5oOZllcTQpyWgxdpDqi5Rpl9nKkUxXE1P0Ud2p8ZHRYWIPG8KVL9Oo5hEyVh5KLpdgyzA9TyUTL2h/FPAJrLgG1vIMXZtTbVs5c0lJPu7tytipnrP/KFtEFypa2kFlNE4oajbU5hPntdmJU08UI2huBLAZtW09fRdsVE1BvR1/zcqrTsS6ofrQ9avq0Qd2gHqh5oC2cPbug3tF+ZlSDzWQVG0+fAM8S8+4EmRpQJ19YikdIYSBk/e60xv1ZAl35LVDlP/59R1MW30C8/3dWGWZkzxVY+XTuAlBFcD3tz21g6eFQpG6JNGQf2Y/jdRsgwtHdvDgRW0vjrawhyPfJSjIbaEZzUazfr6X5Wkht5IJYt2qIaeCCW/Xcsf+jWrjxxTQKdgaDx1OwuNcuzGixiwXuQ/d2ggWuhs4jpi1rUfO9/y1w/pRZIOL5WlUAlpojGDVKuxnQMppc2cOT4FqItdOPIJvgOhp7B912jEL9fdRMvh1R5UgzuB8nex1ph0bH+sM9oLcR6o4E1H8JLLOO83SjxkV69MDnxychmg+eo0E1BJYZk6XyYSU2oCrLewws4y3+GoGlh0UhgZWWhFMjv0AQBXs0Izq5v4ojRWNqi62cEVUpsBgJUqQLhCENmsDHuSFCxswDYspw3ysc8/usw+Smq7Ck/WFGf2Sqph6Y2+iAab9SU4NpmyJDVQaab2oW2/lgGUGlRlOB6QmwCDxeR0HDvI67MLnTWiyfcgjJqRT1qQkYtGcq6m7vhlanBsOJLFUnoBccPDqZiE/tV7U8OhpWqmhPGlAtq0P3qFfJ3L37oN3BwbhWeIfAyjbNDYXqSzSD+WzGyjOgspsf/mKAZbvCisDSvA0s2R8BS63st29iX6PGOF2DzONY10R9950pxh0crBdTHQQq9QVq3gKT7QoFuCTXBrhGHba/OsX75KVAVCkidt3Coh5rML7pUizpYLW0L2hJt6QmgTZkLhb44qaHnhlUtpm2ruY+NC4LWMYVlrNZS0/Ma34Aa3v4Y3GXAxjdZBnmDN2BeyGZCM1Ow/Ajs1Bvcze476cQ9+uH+sF60cLq5qnj38OwkgUqq23LapEnqGzGUtSoSNKrNxpt7wXP2CACi9Aq1MBLgacisCyNZQPreVhlmJF9L8CqaAKWDS5kZ6F4/yEcruWCEJeGiK7paoCl5oWQmtUQ5epiOpdl4U6M+AgusZkNrAgHV1wlqPxdGiN6yUbz4b+7e+9gdufVmNNyE9Z2YaG3OYj5zXZjPgX5inaeWM0CVwv7IkaCSwiyyoDyrYxAEkBXElQCluYNa5UDS6y1oq0f5jfejyUtGEUyQJjabBOm99yAqNtqeyrEnOOr0XRDX9Tb3xctzo40w2eqHmqFuhT2BjwEksBjTPPGFVqd1i4+FPW+veF2pCfqb+uGZec3mmaHtHz9fB/LkMAy+U1gWeCiKywviz8uxz/PnsaLbc8FWBXB9RhAFWjWXmc9jAUsRSvIzELs1Nk4TbEdV7cZYqq7WO7O1dkCVl0XA6hwusUwRnoVgaX9QqnH1Jiat3gdNVUmDi/djxEtp2FKm/VGPy1jdLa+UwAL8yAF9j5j8xvtxtLmHljRgetZ4JYrewYrB5ZAtaLFE+Fv6S8vzGlyEMvb+GIFddjyZt7Y2O64aWhd2HUH+jUahRPHz+JmRiimn1mL5vuHwuEgwRPcB47edIM+HcuBRXsMKoGtC5z8OxnTZ4/U1lWH7rDh7l4Y5zmT9Ssb6dSvKhPlv9FT5ZVZZVDRgzwpxz/PKsOM7JmBZVHtfw+sJ7WkHFSFtLQMXOs5ELcdGyLetRFia1rAinJxRJgDI0M3C1CyJ4xF4FFfab/bLm4417QFEJuEOO/jmNhrAqZ0X4kZbXdgvvtubG0TbFzfohYHsLDFXixutZ+F7IF1XYKwsutx09TwrMASOwlcywiqp4Flzt3GC3Mb7+N6L2zuegob2gdjTWdvzO6yEYtHrsdnHXvjxM3jOF1yB232DYProd7GHeozRvWCLMayWuatLh6Zo38X8wq+TPu5UejXD+iLRvt6Y/D+cYjFQ0JLzPTHwJLZ5WObXUZ/rlWGGdl3CiwbXFr+T8DSSNGUDJxr3gERtevRDdbBfYc65lUutU2pH1CdzBZjWWY0lkQ7TfO3XV1x1KUOUhcsAULiNFAUWReAvWPPY4rDRmxrdxIr2nhjaTvLJRpjwc9vegCzmx7GXAOM/wyWb2oWeCzXJ9YSuAyoGBnawDJukdec1/ggFjbhPq28saTzQQSsuobsBH1NINmMUFh0azua7htEEd7XiPhqe1vAxatTOai6m05pG1zSYLUCu5j3DsVYDoc7oMnxAWhAYPXf9xVCCK0cKM+fAEt5brHWE1BZ5fFsVhlmZM8+5r0CsIyV37ANLI0WVdeCgKVPFRltxeMYD6P43CUcdahHFnI33TFRNax3BAUqNXrq9XmBTEwli6ZYt5ofLGCFksmuuDjjfJNW8G7RDZcnU2c9AlYPOWIisRV0QWITu7A1VeRmhryUA+NpsHwbqwgs6zqcN6DSOqsxdQHBtri1N6d0jRTyyzr64KtmKxByMglXw8Lx1Z45GHp0Olr7fglXz75w9CJoPDrA1bsz3R41FIFlmhxMv2JvI9Jltoh39+fUuyutG5p59ke7zQNwIuMqqLCsysx8/osF1h+Bq/yGbWBpH/W228AyP0erUaU8puDYGQQ7uJk+P7GVxlsJWPpaX6RDLU5rm1Z4gUuR4dPACuf6u9we4t4A591b497oxcADYMWQPZjRahuWtLcK3i50gUFtTWoasDqWKwfMt7GKwNLUjgjVaLqEJkAtbu1rpgtaeWJx5yMY3WIxrp+NxumYm2i18XM08f6czFM+PiuAQCGQGgX1QuPyl1WtYTQ2sD6DO4FlfZyN0aAfWYwCXv2Hjb37o/WWATiaeYUC/gmwVDamPP5SgWXAVX7DNrCs1731Jk65OxSw9OGPwlJk+QYSWK6m7y/W0RUR0k7lwNLgvRiCRsCSCVQ2sKSzBKwospp5mcLFBdcc6yN66FTTMLpsyGZMbb0RCzuwkM0QF7oqgYmmwrbAJeaSC6scMN/YykH1BFjl0WDLQEaBgQwieN1W/mYqxlrSScBaiGvnInDi/hXUWU1359kdtclUahCtS2BJrNfT97DIRGIr86KF3t4xzQ0WW9njtdwMm3U24Grk0xfNt/aDf+ZFAqvAtGX9EbBMRbfKyCo/C2jPYk8DyrbvHFjmWwJlZRZjlepTOwSVxrfnFePBvsMIliB3dDAjQwUsNXaat5xN63sFYBFIAlbFBlMBK87xU8Q61zIjTCMGfgVEl2DpoLWY3mo9FnY8jPnlY6csYKn7hYUscEkTmQbSSsDyLUznkVnAKm+7IpCWtDhqTIBaxmsubqYOam+6Qi+MIbCun7uHE3GXUG+jGjnL3yX062EaRp09CRQPivOD7Z4Aq8JbPE/WdTPs5uzL/QlKAavRls/gnX4OGQSWRjo8YS2rvGyvYi3/hQNLYzg0olE/MPQYWLnFiNm6i8CqbQCkt5o1rsqwl0NFYNUqd4UWsKJru5qplvWyaozrp7jnWh1natXE7QGjCKxirBi4HrNbbDSjEwQssYgNLBW6umAEBBPBVQKWb2P/CVg8t8C7tPlRWiABRWaUYG9Ktmzubfoov2q+GDfPRuFk7DU02sAo0FufKupluTr/PsatqeFTU0tjPTF1VMv0kTbrQ20U8ASWq39XNPDtgwZbesEj7TTSkcssVt+gJeINoMrNKjfajxlY+vkNmQ2u/wQsPpTAlVOQ/8fAyi/FvTUbEOxUk66vpgGWXpvX961kNrAinCxgSbxbrfCu5VMbWJ8gzK06TnH/25+TsWKosT7fjDnNt7JAbc1juTyBS4VugFUOiqeB8m2tIrC0bHVK+5uRqMuak6maHzb3sawp92vuiZXUfeOaLcXNM9EE1g002dgPDfw+Ny9LOHv3Ml/5M8wV2NtEh1ZUWA6wcjDZbVgufp0MqIwFdEV9vz5w39wNB1OPQ5+R1Jh3a4hMecT+FLCMoOf06TL9NlYZqGTfObDMoH0+VFZergGWiQqlsfJKcXfFGgtYztUJLOoqAiueoJIJWBLv4XRzEulWOxbdZQVgRTnWwH3Xambs1YXqzgjrP9E0OSwfugezm+8wYLLFtQUAgcES1QZozxNYZtnScEta+GNFMxrd4JLmB7BML3E0O0BgH64ArFiciL2JRls/R72gwXD260uwkK0C+xitZT5ka775/oS15Poss5jKMJdPJ+ovusLAbgZYdTd1xf7kYNNIKmDllj0Blg0uU24/dmDZrvCJO7TXl1tBIUqLS8xLE4+BpTYsaqyQJStx3JFsRbtPYOnVLhtY1ggHi7EELKvJwereMezFbRr0d5+ginR1wKXqjBI//xpIBJYO30vG2m1cjylwsYkBl4Bg2xOwWW5SoCgHommaeHKMDSIbPPb+T86jcygoEGh1nied0gLW8lYHzXRJy4MElg/GNV1hgHX8/k24bSKQAgaYD4IIWPr0tiJBAUpvQdvAEqD0ITbrY2zWOrNPObDc/HvQFfZFnY3dsO/RMaQgy7wCZjOWzVZPgGW1J/5ogSUw6SNfeuVIJhBZVmZMbzgXFfAGuE3tWRZj5QE5+bizcKlxYfG16QIdqKMILHXXxFFj3a9JYU7NJebS8Bn7c0WmfYuA0hvQskiHmggjsC5wXdjQ0QZYi4dtx5wW27GilYSzL6Myb8tae9IOl5saK7ksADT3Mwyj+YVtDmB+uz0El8a2e2BNO4vdVnXSCxa+WNiE8xqCzGP0Qqt5VYwAXtk8mKx01IxmmNd8H90tXSCF/HJe32re8MCyNp5Y0dof4xqtxu1zsQi6fwnu2/sSWP3gSNfn6NPDaCszzl3dOBTm0k5yc040h0BGjzSnAHVO6/ORveAeSHcpneWln0fpj0bb+2N34lHCSj/mnmskrn60Xb/6ocqfn2t9pA0oNm9FPQ8BX5k9F2AVFOpXUPONmW+0VwCWARf3MW9HaxSjgFVIYOUVIGzZCpyqaTGUwKTvtasvUOLdApYjYmtKyDs9/kSkQCUwWYAjmxFooa5OOOdYDaFfDLeA9cVWzGppActmF7GIxUbWSxACjc1Ihl2ohwyw2u77I2DpJYk1Hfwxn/poRoP9WCzB3+oQZjbYivEua7CmVwBWdKKmIqgWNw7AIrq7xW0PYlFbS8wvp1sUcA0LtrWA9XUFYNXd1sd8acaJ0aDextELFO5qz+K86WQuF+pyf2ppN4yloTLen5m2LDVPmF+2ONID9Y/0R8NtA7ArIYjSnQDSt10LipCbQ3ZitoNy1/xmEcugpJRRY75+8uRHCiwl1QoNLJO2kp6SYBdL6VsMehgxmnm9vkBDOSjc9asTufkIXUZXWMvFjMFSNBjJyE7uTc0NAo2aGCJr60UJF0SrH5Hg0ugHo784fQIsB5x1qoa7AlaSxViPgVXuviSqTVOAxHx5E4Rc2x93GpcDj2a7Sr0eZm9Xq/mc1tuw8rM9OLnmFm7sScDivvuxsKuHafxc2Iyut4WnYUKZNc91BLDG2+vbD8t5D183WklgxSE49grqbSlvn6KmMmOyvLoatnKivjJRH0GjzmhHP1ln6i/rTR0XCn2Nw6qrSFFdP4e7o+Ghfmi4hYxFYOln6EoILMtrsIDMSysCltVNpx8vf57DZ562Zxfvumcykt4P1A8CFDDikzAUoNTMIPo1P7bEHfXpbf0iqPmSBRkrfOUaHNULE45uVh8hXZuAZUQ7AaNRDeHcboFLoLKAJeaq6B4FLMNYw758yhVajaBGOwlYjAatBkxpqT8G1vw2R2iWxrKYzDJt01iuDT1OmsbNiS2W4dzmO0AmHy8WGN92Baa13U6Ws7pu5BYXN+U5mx2hG6Sr5fkXUmMtoIBf1PawuaevG6zArbP3DbAabqPb0+gEspDGtZu3ctROJQDR/ZlRo75WBGiAJm2lUQ7lw2g0Zsuwm0cPNDo8EI23DcQeukIxln5VzfzSvd4Dk6lMrHpvSRMSQWVl+jzsmYGln5LVp4jMD1rSBCz9UGNBHmsDa0cetVQeQaR95QoNsDgVY91euhxBZCvz8qmTE+7Rxandynxim6JdoxruEXD6BQqByHKDBJy0Vrlp/T0XJ1zUh2wFrARg2VAWdPNtWK2CbUHGkXtq4UuA0MggpmuFbCJGsRlN32eYp5EQAlw5uGQacbqwmcVYY9xWYcMoD9MfWXofmDtwI8a3XI0ZrXaa9jKNZDDnbEI91UwjVPWS6wEzqkKv90vbGWA1XGaAdTTmMoHQi6xjjVt38RbA9KqXWtXJRIz06nEqc6ML1LIAqPFX9Wia6h1D8yrYkd5o6DEYjXcMxu6HJ4zGkoaio7AARcai92NFpxJhRbe+S1Z5mT4Pe2ZgiY30UQq9IvlYvMuPi3Jp5gW38kR5b30ERMDKycPtRUtxVKAhsMJcXBDCaM8MkyFQQpydEOpMxnoMqppksZq4y+jxNrfddub+PE7As4EVPpTAigeWD9mOuS22UGRLJ+1mwe41IwxsUC0gC0lcmzejDbC8CCoadZFegLBeSiVQxGhGn3mZt3pW9PZAwinqwzTgwOLjaFdlGBZ0PYAFPG4uz6cOZ7k+gUeA0qv7i9rswYI2uwlc6jZqu2UE19hGy3DjnAUsMZZYqr7PZ6jjQcB4MbLzsUBmmMwYRTxZTMv1vPuggVcfM3XXT6HQpK/qHuiDJgeHEKhDDLAypbE0sI+VnvXd+rk+fdyO81qXzfzPLa/w34U9F40l9Ofk5RpXqPBVoku+vTC/yDBWdja35eYiI0tfTc55LN5j1q7HCWkmRxfccXXHVZe6uOFaD7dc6+OWs7sZyCf3JyEf5VCdyzVxzc0FF+vUodXHNR4jcIW6cp1DDUQMGWnasZYN3Yo5LTdgWbu9LPQtmNduGwt3L+axUOe1OUjbTxDtMqbCViQ4j4J9bnsCoN1OAwa5QYl6RX+r2zP64/Fzu2zDnP5r0K/Bl2j3yWBMarseiztaL7XqAyILyYrSUMsJNJ1nVttNmNN+G2a3225sHs+/oN1+fNl0Ea5QvAfEXoXb5q6mr7Dhwb5ouOczNN5HnXSgP+oc7E3A9EJt6iiZfsmi7uFe3K59PoP7oV5w47Kmdff0RMPtfdB852A02TAYu+KOGWDpFz8e12vO6KPUmkq+qMxEBpWV6fOwZwaWqFY3aYR7+QMU5OQi5PZdBAUcRaB/EAICgswve548fQK3bt1AclwMNUo2olavNcAKdXHDiUZN4Nm4ObyatYJv09YIbNgMF9wb0T1S2FOsi7FuUEsda+gOz2ZNcLhZS/g25j513XHLzY0aiy5yyGjDWEuGbaHuWYsFnbZhZke6qk6rWbBbMbvtTsyhzWy/FTM6rsG0zisxq/M6zOiyDtO6rcS07ssxq8tKzOuwybzhLH2kMVzTmm7A2KYLMP/zDVg9kS52Itlw3F5M67Ge7EON1Wyb+SzS4rZeWNzmMOa22W6uObXrCtoqTOE5p3Zejeldea2uGzG41XRcuBgB39hLcN7QCa4HuqI1o7n2a/uj48bPzdCXplv7ot7uvqhN4Mjc9/ZCc4Kn46b+aE9ruIustYdA29EbzTf2QZs1fdFx/RC0XD4Iu6OCCSxW5rxM8433+PhEnD17Hh4envD29sXp06cRei8M6ZkZlZbp87BnBlYOKVUvRyoqFLDi78fB39sHly9eQcojfdFMaKNvLykxL1JeunQBJwN8jSu8Mm8BLjYmoKp+gruLF1pfmkl+SP2VDVy8gPXudXGlTj3cr+Nufp/waK1qODlsEPCA6NG3s+JjcKiuG864OOIUBX+IGIsaa94XG/Bli/nIvs4L61fs6LqOrw7BMPc5GN1oIc5vjbbWyzJodA/5qQUoSmOV5vL2yYcxodFyLOm6FyMazcDswSsQdoFUSLLVt0vsCKsgBQg9logFn2/GiAbzMb/rTjLfZmwb5Wnuo5SPYt5UlTErdB8ZkcUI8DiLzXt2wzMi2HqRYksXbLiyA8kUbw8Y1j7g3Pqru+Eyqx1aeo1Ec8/haLK8G07lnDPb4xihdN/1BRqs7oZuGwYhBDH8l4j7PK7nki/hGX7KiPfMVIpB5v+1a9fMT87o9wvlVR4mP4Cfnw+SmdcqQzvZH8XTGDq7ofPp8n7a7P2etufiCk0jHKPCh8mPcDz4GBJi7xMbvEmBqhxY2ldKLDQ0BJfJXEZjrVwFL1dX7Hd1RtrZ09qL5UYKlA5LTsLW3j3hW1vDk+sg0q0O/CjcvUeOICBUSizd1AfY1rAeTrg54zi1WchgMhYLdC6BNbTNTKQweGPcDRCnQeuvYEiDqfiyySyc2RFi1pepnbD8/vRrDQKL9t02/SBGN5iHia2WY9usQ8h/wHuyRXAuK4kAyeP0+fCspHzcORmFJSO3YlSzOZjceinWjthpzmPOJyDy1AXJ5cfx0ShDEZ+ehOFrv0bDLb3gurID9l88yE051KnZyCpKxt3MUPRfNwouK3uhm89EdFj4Ga48uowCIj+V8Oq/YzSaLOqKASuHE1JJrCP6JEgG+s8dCb+7Z3guBlM5mSgmkE6dOGm+q6+KrchczT6hYbdx/oLynDlZVP55zny1M1pgsT/n+d/Z04Cy7ZmBpahQZaNW9eDjxxAdGWUhjX+KDAP8AhEcfJxUfBYXLp3H0aOBuHHhrIkKry5fhnXVqsKzYzsCLQN5vKGo+wnISWepUGBeXLQEO/9QFddqOplfAfOr7QTPL8lKOdyua6SkYkujBgiu40pgOT8G1uzh6zC43TQ8vEskqHAJIv9NZzG48dcY0WwKTu6+Ztar4TY1JQc+h4Nx8eg1XPcPwS2vSKwevhufO02li1yL3CjuKIYiGMKuxGLnwsNYOXErjh48g7RE3ocentsu+odhZIdZGNNsPtaO2mPAZIBI8HrtCMKuVV64ciwE+Tlk+aIC4rME60/vhfvGXnBa1h77L5DldFMlhSiiNmLxY+uFg3CY3gm9D01Bh3n9cfXRDR5VQAClYeD2r9BoXhcMWTSSEWA61+u3C7MxcOZIBIac4zLPVVaMhwnxzP8g3map+ThbSKhqGyP0/GwcPGD9ro6+8WBG+nJqs5ZAJsBVVuYVrTJQyZ4ZWGpKUHTxKCUZx04cNxmtdiw1jnp6eBlgnThxyvxsr4B1/vxZPIiJNOL94ipqnE8/woWpX7Pw8pCenYXNq9YjNYKxPCPLgrPnsLl6bZyq7ojo+o3g7+CMwyMY+RGUKOKFUtMIrIYEVh2cdHLG3UFfGfE+1wBrCh6EEREqXE4CNp/C4CbjMLyFgHXFrJcuDPA5jQa122JI2/Ho6jgIA93HGVbr5/g1gtZyP7k/guNhZDZG956BzjWG4XP3SejuPAxeW45Zz8tdirOARWM3YUCdCVj71T4D5rwc0hWnn7Uagu4NB6OlazecPnGexSp4EOzRF+G0ohPqrOqKrScPcA3Pk1dkfq1DjBNdkIAeq8eg/aphaDf9M1xPCeGxBCaP7rd5DBrN7oKhC0cTUKRRrtNP8w2cPgpBd3UNC1jXrl7GzZvXeb5SRFM6rFy9TFdRIcGf7vBBYpIBgoAkcGmqZIOtsjKvaE8Dyrbn4grVjnX2/Dnciwi3cplsIo11+KCHWTYhL/dVO1ZOThZKc1kKAtbGDfjatSZSAg6xpuYY6v6ybSdkXLlBYLHmpD3A4Y4d4OPghNByYB0aMZwXZEaq6yg1la6wAY7RTZ4isO5p2AwxOe+LdRjabhIehvEcAhZ3DdhyAkMbEzTNp+LUnquGZRS5BntdRpNavfBV54XGVY5uShfYfjmm9lqJ7Hs8Vgjg5by3nEZvt68wocVaLO3ugS8cF2JchyXIelhkNKbOd2hjMLrWGo6lI7YZMCu817XH9Z+GAc1GoyfBdWS3B+OWDGTRJR2NuYhai1rDfW03rAnabbxmAd1raGgoXZbgkoedFw8bULWZ2BtX0++Rkwrp9orQc9NINJzfDYMXjeF+ukm6Pvr2gTPGICDsomCGIp4jMNCfIj2NSyW4eusaJk+dZJp8SkuKEHEvHOfO0HswCUQ2Q9lfwv5BGUtJLbmBR4OQmk51KmDRBKp4ujXNK7yVD5d/N32F6tIhsI6tWY2ZXdpSjMt95qD4YQKGMQpM8PCmyqUoKcjE7YXzcdC9Pq7VrY8AZ1d4DBewCBgZXeGOBg2osergtOMTYM0ftg7D2k5Ccmg5sMRYBNaQJhMwvPl0nNpN4JYDKyEsHVsWe8F77Tn4rrxkPnb7JfeZNXgNSBjm2DJqo1mDV+HLxguxsd9RrOoUgJUdAzHEZRZCLkSa2q2muctBYejj+hWj0q3mOFOpMkoxfshM9Kg/BLNGLEFmUoYpWOXcjJ1L4LSkDdxWdcTq4D0GHsrLbdu24V50GMkuF7H59zF21QR0mNgHF5NDCKpCOsIidN30JRot7IFBS8YZBhML6YXUQbPGIijiCo8twoOH8QgKCuBtqAWxFMfPnsTWXduQ9PABH76MjJoLHx+fx1+0VnnaoNLyDw6srOxcnDl3lrcuFPGPrlDNDHKHascyTRKsEfrBy4qd0N7LlmKT3GAhS46165bXEUyk6wsaM46RFB++KBOl585gb/NWOO3kjkBndxz5guJdoFKfIwWpGOuEm6thrDC5QsNYFO9krD8C1tbTdIWTMbzlHDIWxTtvXY25AlixIkO5PJ4y/XohxnachqWjN1oRox6Rtzy9z1IMrDEZqzt5YX7DA1jVNhDD3ebhpOd588z6vsm9Cw/R13kM1o+hKxT9MAkoGkyQEkPwKebg9TTYMTYhESOWToD7mo5wW9kO284eNodIOk6fOQPrd25EenEq12Xj6DVf9JnSH6djL/EWiyne881HRRou7YEhywQsMWYh1UMuvpg7AceiriGjKAt3bl/HLbpBZYLGwx1k/p6/fAnnzl/UrREAZdS8R83PKlvLVhRou8AfFFhZWSoRGOGuJgdTS/Py4ePli5wsMhMzVg9gfyZaK3IzmMMZmTi0ahU8t2zgDgRAQTbWfT0OX9WshakEiz4bWZrHeD4tBVs7dEVA7UYIdGoCbw2NUec2dYi2bWvQkK6wHo4518WdweONxpr/xRoCa4IFLN6SwOG39Sw+b0pgtZhPYIWadabDXKUpdtGUuz+6kIf+biMwa8BSC2ySL9ToS77YhCktlmN9dy8sbnYQ23ufxVDnuTjldck8s8o29EwC2nzQBzsme5oIUKvz6HIKy8Ety83IMyyxZsN6bKGuarShF+qs7oL91/zNLSgImjpnKjp80Q36sQFJ9Vwk44tpQ3D67mnj4uLKktFn91g0WtILXyybgCz9fK/GXlH0j5o3CWejbuBRTgrOnjuJB0kJDLCyERUTjQ1bNuN2yB0cOHjYeBH1mkj7Xr8u8PF+ubKikP9BgaUbUCOcv7//k98hZPLw8EBysj5Qzcws//Em3bBuXuAq4DGHd+9E6iMiQdWdGXPB5wg8167EAQrM6Ihb3I8lzW1hO/dhT5WmCHbqAq/+Y0iRqqEsJWba7ibtEOTSDEfrtcLN4dMNY60cSWBRjCeG8H7ESJx4bzqFgU0mYWjTOQjaetMCDQs87HoCxn++EKvH7ceKIfuwqOduLOi+FZM6L7banngp2frJu/FVi1lY0m0XZjXbasbTmwF7p2LMeQTAE/svoavDAGyYwmiLwJVrYr03hXkpmNdkfSjNKzOSYfvBnfAMO47Gmwag2tw22HTuAC/DPOJOi7cuRcNxHTDDfykhlcB1qTh62ouuLID7FBBw6fhsC8X7zK4YtXwqUvVjmBTj+kTRl5PH4mZ0KFKy0hB04ijBrQECeYi5H43DRw7B19cbp06dsoY3sShUJp6eikj5mOXNDSpTmdLT5f1N7ZmBZbQTb+7ixYuPf6Fe6ebNm+a3h4VeOwlcApnAJRCq6SE7R7qMJafOrCz6Hk3VW8oMLCIiiinqUy5cwX63bvB27o7AEdPIZixFfbqbkej2Nl2xw6ERtpLNTn0xFYgowKpRKzGm21RkxjLn5Mq4a/D2CxjcdCKGNaMr3HXXYije2nGPq2jnMAgjmyzBKLdlGOWwFOPqrcCoZvMRd5boE+bplc8evI4hzb/CqOazsGmEN6a2Xo+RzeehiHVHt686sHX2AXSqMRDzhq1SLMJyY3Rckovhw0agc8PePAeDBl5X/fDnb17EYp8NaLp5GOqtGYDN5w8Sm3nIKEjF7C3zUXdKRzRf2gt3ikPokRNZeRPp+RN5xgJqrBz0WTcSnZcOwpDZY7hEUPFhCgiioWNG4ErIDUTcj8KlG1e4VgJFyOe0XLRbA/3Ub2ixU3BwMB49esR1FrhUZgJWZeX9Te2ZgaUbEWDkpy9dumTmldQecvz4cdYQXwM6tf6eOHEC586dM79u//DhQ66nPlHJl/IYfTQqOZ3ujRFjWgZyHiaxZMr9R3oWgvpPxIpqLXHgyyk8OdeJsfKzMbtteyxr2hLLmrfBrqFjkHj8Lib1nYqh7b/Cgzv0RwKQ2GTbOQxwH4lB9Sbi9K475rSyO8fijOCe12UXlnU6bLpkFrbdgwktV+DQouOWzlI58FSLvl6Nz5qMMIHB0FZTcGY/w3/WC20vZPwhlvuy0Wys+HInStTaLnJm6t9jMNrW6o2Vo3dYDae8n+SUDIxdOwftd3yFJhuGYfPZQzwNAVKWh0W7V6DJwr5wndsJs7wX89LpPJVGftLlcR8NO/5y30y0WzAAIxZ8bQClj4BoOnrSONyKuIsrjADDosMNsCTdY2KizA81pKY8wiPmbX4e4SidynTnzh3jElXhzResmUQYSpWV+TexZwaWEC+E64b0Q5fqNqjoEuPj4/lQMYbBBDBZdHS0WVYrvBrqcpMfYuaQL9DDxR2j23TCsNbtMbxHD2Q+TKSYZakRrFcXb8LYT9yx7HOKd9amEh6H/CyUsWYiKZ5MdQ+lYZEUSaWYPHQ2Pms1zAKW8okFeW73RQxvYjU3XDhA8S5g5ZThdkA0etb+EvM6bsOKLoexrL2n6XAe03gRvmo/B1mR8hfcl/tnJBXgyok7OH7kAmJvUf/p3AIdwbdzpi+G1JuGya1WYcPoQ8Z9atRmbkY+vuz3FcZ2mo0ZPVcim5fWNtWljd770GbZF6g3qxdWHNnMyxBY1Jsz1s9H81mfoe2KQWg2ui2uxot5CpCTnWaaIRKLUzB623S0mNgdw2eNM4DKZj5pOnHWVJy8dBZBJ4ORkplqQHXtxlWsWrUChw8fhJenB7wp4oPpLcRYKsOkpCQjZeRNbA+j9Xak+OfYMwNLSeBSioiI4M0fNqCxtynZ6FfSQ4i11BEqOhZjCUA7Fi3B/gVLcW77Xviv3YRV06bj5sVzrKksATLXozOXsWX0JBxZz2hNpcL1ZaaEpJIJMrVQii35N3EEgdV2GAoSuZsKngA4tf0URrQYgxFtJuHUviuGKGUhwVEY1ngCZnXegNlttmB2qx2Y32EPZnTcgDHtZmPh2LVIiaZLJjgNA/GW1XquKTWzAcmxfVcxqMkEjG2xkIBcgKWDthvXaF9jNNl2WIuJ+LzeePiuJUuXR5tpLNivNs/E7MMrcOCYJ1cVsWCLsG73RizyXY+Nl/Zinfda7DqyxTR+6iD9oLh01oyNs7HGdxOmL5/DZasrTD/FsGbTOvgfC8TxMycMW8kNBgT502NcYYXPREZ6KtLJXL4+XuUukc/B8pE7FAkoCWCyp8v629hzAZZQrhtREnC8vLwQEBBggCYGS09Px4MHDxAZGWnc444dO3Dw4EHExcXiXngIAv08EXfjBguJqMhiieQxyI6Lw5EDexB5Pxz3YyNw7yzByGjm6umTiIwKRVRcBO5E3MbNyGu4G3kDd+9ewf3Iewi9GYXRQ6ehc/N+OHroLJLCEhFxMRRb527HwObDMLDVKGxbvB93b4YiNiIG25fuRt9GwzG+/VyMa70Yk1qtwcxOG00j6fBWU9GkejsM+2wU9u46jIjIWLrxdMPOmalpuHX5FqaNmYcWjl3RzXUwRrWcjgntF2H+4HW4fZL3fDMWodcjMaj7CAxuPRYDm47D2J6zcMH/Nu5ci0R0QgJ2BOzDzaQQHLtwAmHhocyzezgccARxJQ+prPRbqtk4eSYAV65dZP6FI5YuLST0FvZ470JGWSr2eO3HTebhvbgoXL5zHZ7+3jh98SwCjwfhHl3hrTs34eXjyTJQJFJK1mNF5PT8uTM4d/a00cUql8DAQEMISgrGKrZt/Tn2zMCyNZV+e1BJy5q/ffu20VeKOLy9vQ2QNC+tpQdQb7u/vy9Onj6GEyePIiMxgcxCasngeXIJrsICXL98gbXNFwGBPjgTGIDzwUdx7dJ5+AV4I/BkILyP+eCg3yH4BHviaLAPTh0LxpmTVxDgcw4Hdwbi7LEb2LVpL/wO+iNw/zEEE2jHj1xGkOdZgt8HW7duRqBXEA5u8sLpQ9dx6cg93PRKRIjfI1w6GIELh+/ikj8LceNB7Nl5gLU8EOfPXsKZ42exZ9Mu7NmwC/4HgxGw/xTCzsTiivcd3PQLx9E9Z+C3LwiH9vC+fE8w+mVhe1/G5YDbOLjFG0e9T8PXKxD7Dx7AyXPHEfMgEqcun0PA8WAEHT+Go6eOGSGfWSqhlsdKGYMjfl5koqM4deY0K60frt28YNzjtZBrhqH8ggPMPpeuX0ZoZBiOnzyGoOBAHD0WhNB7dw0Tqg1RjCcBL611NCjARO8iAZWHiMAuQ5GFHSX+OfZcgJWSol/veuIStc5qVhBWcoyQF9hUE5R0nJIiD/W0l0qMlBXjUcJ9ViZuUyMql3Oy05GXy+M0moHLJmIk7edonFG+2qALuWRFXuq+0JDo7FS6DJ2eUiErg66ALkuHqkXDXi/dLyWh4N52b2abTi8XJlM90VSPpG3cR100aQ8zUJrNo7Ve+1geCqVyb/b+uhb310sMekPGnL/CefJz5cZ5uSIWXFGe0ZksbtPNk5nL/CpWjKfRIEUoyM14vD2PlpyexvylNuJx+vV67fcoI8U0N6TnZHDZamVXY7RemFD3kdyhQKVhMrqBbEXfnMrsCF1J5WaXqdY/izt8ZmA9q6nvUKaH1Bs8qk1ZmenmuwIGFaYRswhFeXS1pSXIy8qk5GLN4/7KtGKjt1SyQkwZynJYAGk8b4Y+RsKy1vt03CM1NZfgVosyd+UpNd47R7/gWqgfQ2cNZiSan1eC7AzuIADotARIAZdL8nki/hnMZ3NG5SDjbUv6aBTHw3iG67xQUa7um3+8uF6HE1D0eQFTgXgCXcvce14G1+mn4PJMdKZ7tF8slQtSnli/gSPWKCRwSgw29aqdKrLOxb0NiMx3RWkpacnm3Hr7xgaWjpUpPyuzysrk25iYrTL7wYElIAlUyhA15CkzNC+QpT58gNIcRirZFgUoMwtysslM1rL2M+vyc5GtfkphMJ3SlgDSfDrnUzNykZScZgqO5Y1sMkhhEUHHeTGGfR79uFF2AUNwAi4/nwWTXYDCHIKgkPdC7WfVYu4u0OkwSUqLQJl4MYFJbxUTDKnpj5CaZXX8qvjTctOQlp3CXSxQ6RkV/aVnppiKYn4ElMl0ZvM8+XzevKxsA7hHiUmG9fWlnnSTD2JcnpXgM/edl211auewwnHZNgHL7kL7HwksmVIWAaParV+x10sZJqmwCkjxySlmuzLXXq9WfZWzeTuILtiEyhpvr114eGqyXIC1r3mZQC/W8lxK2ZlZpgNWr//nZxXgQeJDozEuX71kwnnzqfDyZBoVeVKNHNDnrI27yOMFBCyeTr9qatDFVQKigK5zCKj6doKAJRPExK4aVSvG1HJmNisDGUj3nJVGPWUeiAWjBmBlS/mz6D4FLrGg3H1xOQBlup52KtBARU61bN4r4Hw+K9z/WGAp6UUM5ZP0g/kqDVlDbkQNqYq+tPH+g0TzgQv1zOvGtf/9+DgzNV8KJBil5VIZlSbFxum0SM/IQlpKJtJT6VbICpl0sYqKkhIZVrPASgUQ3sL9yHgsWbQY3j4ePB9dMRkmIyPNRK1yYdJieSVZSM9PQUZuuumSSU/hPRv8lfI6yUi6rxED1rKAJThmsbATeL8pGel4lM59eG9mH5p172QcBitFOfoxJcKP95iRRJeqbCFIH8UmojSfC3pIWi4Zq1gfVOHxhTwmNyOHFSjFsLtWPnyYZOb1nDa4/scCSyMjJKOiY+7j1dfewP4Dh8zAwfc/+AgpDO1nzZqD8V9PRPcB/fGrN15HtVq1sW//QUybPhPu9Rqgao3quB16FwkUpl16dkXLJg0xdcI4hITcxh+qfAwnB1csmb8UO7ZtR+1a1dCrZxesWb0cLRs3R7WPqmNAt0GIColFXec6mDlrqgGWh9cBODjUQvXq1bFg0ULDVorAJs8ej4+qv48O3TvA09fH3KfC+O3btuCtl3+DGxdvmuYCt7rOBgvtO3fB2HET0bBpM7i4u6JVq1Y4HnAaHVt3hatrHbRv39642Q7tOqJLly7mXM0aNURueibmz5yLuo51UUdvLd0OYXQciJdeedEw0vmz5/DKCy/j6oUraNakqWk2kC51dXFCn949DaBkkgiVgamiVVYm38YqA5XsBwdWHvWMCmHV6rVwdnZF//4DkZGZjZdfec0I6h49emHipClISEvFH2rWwLr1G3Hx4mW88cZbBE8o+hFwQ0cMx4SZ0+Bazw0JMZGICb9r2np+887b2Lp5B66cv4qWLZqhZasmuHT5tBlesmfXXrz3mw+R8agAB3cfQe2atVCjZlUkpyXBta4jNm/ejKioGLz88qu4czeEwCrCkC/7o6rDR1i6dpH52jGdoinATu3ao9YntQjgxbh64yJefO0F80xudRpg44YdiIy6j1++9AtERIVj2cIVqOtQH7HR8ahZszaWLV2Fvn3749VXX8XOndvRsEE9nD19Bq++/BpiuM/Ir8ajQ7du8PT3xd/90//Bnj278PW48fjXf/43M5jyk4+r4LiaIU4eh7OTgwFXYkIco9Es07RQGZgqWmVl8m2sMlDJfnBgaUiNUr269THiiy9RtcqnrJEX8Okn1Ujzafhq9FiMHjnGFJSrW13s37UPp4NPosoHH5uKuW7NWnTt2hU9+vbBtNnTTVfPJx++h+Djgaha81NMnjQdQQHH8OBREsZOHIMXXv8FLlw9h7PnLqFGdWdzjvoNmqJz1054+7dvwDvQA876FsRZa5zVyy+9gevXbpNVCzBuwki41q+NectmIiohyri7SDKUu6sbBvcbgKZNGuD4OV98XPM944YdHerC83AgmTcTnzpWIQzz0KNbdwzqN9hct3XLdpg6bRb69B/ACtUX1atVQetWzbBlyyZ88OEfqNNKsIZM26BVS2zcvhn1GtRhBWmCrl06waGWI86dOQ/H2g44feoERo/6Ep06tkfVTz7G4kULmFuUBrnZlYKpolVWJt/GKgOV7AcHll5mvXTpCt777e8xeeIUvPbiq5gxbSaq/OET1swJrJFVsXH9JgO+X/zHL3FwzwE8jEvCb157yzCEE13jtGnTcPCIB15/8zUsWzQfr770S5w6cxy/fvVFTJkyzbxP5+F5GCvWLsPr776GvYf24MbN2/jdex/h5q1QvPDyKxg7/ivUdKqOjl3aYtCQAejUqQsGDxqO2jWckfxQPc2lGDJ0AD6p9gFmL5yOyPhI8yPpC+cvwEe/fx9jR43E//3ZP2PWwol4/bcvYerU6Xj9lXdw8th5pFHj/ePP/g9ZLs68dvXum+9g5ZJVeP3Vt3Dq3EXjMg8e3I9uXTvi5z/7d9y5cwvvffgRJs6aiapOzpi/cgUmTZ+MYV8Mwgfvv4cpkyeiTZt2WLlyNVy4fcP6tahZoxpGjRyBOm4uaNyogbnftNTkSsFU0Sork29jlYFK9hx+8uTZTJHOmTNncOHCBdNQ5+fja1qD7927h+HDh2PFihUm6lNj6qFDh4ybEJPcuXUbo74cieVLl1F3qO2mGLt378ZXY0YZzXPjxjWsWLUSI0aMwPbt27F161aM+3os1m1YS/GdYtqCduzYZdzp+o0bDHCv37yGjRvX49GjB5g3bx4mTJhEwa1376zA4MSJYwTMZEyY9DWOnQg2LKp7vXj+AjIY1e3fvxdHjwXg3IXTGDp0KA5QLyrJpe4/uI+BR7yJKo8c9jDs7O8faM6xaYvcbpTpslmzZo0JWqJjYzD6qzHYsWevCWqksTR+Xa3k2nffvn24cuUKXeMeM92yZYtpKdeokSVLlphzKG8ry/NvY5Vh4pvYDw4sFZiAYbfKK2lZyQ6xlQQu7WsngVAZaSdtM+E497PPpUJU0nNovaZ2sjNdqeJ6u89TyT7e3rfifkq6T72vZyddw066d22379keOGcnbdf5tY/Mfk57Px1n99nZSftUvD/7/nWeivem9fa9aP5ZTOf9c+wHB5YyUqbMtZcrZpQy0t5H25VskCmjlfla1n4yLavQlHSMtlU8p72v3clqP6OOsa+pqd3NoW06Vsdp3j7Gvgct6/ya13qdxy58zes62lfJvl8bLDqfurp0DrsyaF7rdE4l+5xKOo+26950Lt2XzL6+zqtl7aNza1nTZzFd/8+xHxxYSpoqM5RxyiTN22Cwl5V0P1q2C9met5Pm7UJT0ry9j8zOdDupcCpeW1O7sHQt+3jN2wUp0KigNW8ngcI+t86nfe1rKmm91tlA1LTidh2jeV1L17TvQ+vsZRs4Oo/2E/g0b+9r3499nYrnfhazcfBt7UfBWMoUm0WUlDnaZmdWxULQPWlfHadMVdKyMlPblHSs1mmqpGO1XefTPprqWrKKBaBtOq+9zi5omebt8yvZ19C5NG/fu5L21TPIdC4dJxMYlCpu07H2c2iIkX0enUNJx9n7Ktnb7ftVssFV8R41tfPgWUzn+XPsBwfW0xmijLPdkJhA27SfMs8uADsp47S/vV5T7atCsAtG2+3j7evZy0piH9vVaJuStj+t4ZR0j1pnM4KWVeg6l72vrivhrG2a1zb7Xuxral/7XEqa1zV1Xu2j+9BUZt+z9rHzStdU0v7KAy1L69nb7Of4Hw0sO2OUiZpqXUV20bK2qSBVEFpW0r72cUrK1IoZq31tRtC8ndlaFmB1XSVN7QKsyAo6j5LWV8wLnUdTe7uSrmvvY1/XThWXdZyeTfsp2fegpHmb0bS/zqmprifTvCpAxfuwz6V9tax70jbtV/G5nsXs5/q29oMDS9dQBsjsArLnlTSvpIxVIekYbdO8kpaVlJn2MfZ5lezjlTRvr1eyr2UnXUPLdgHqfFrW+VRwWmcDSvN2oSvZ96T9tc4+l/a3mcU+h32czqv9bIDZFUpmg0TJ3s+et5PmtZ/OKdP1ZPayfY5nMftc39b+W2D92K2yzKholR3zPK2yaz5Pq+yaFa2yYypaZcd8H/YTsJ7RKrvm87TKrlnRKjumolV2zPdhPwHrGa2yaz5Pq+yaFa2yYypaZcd8H/YTsJ7RKrvm87TKrlnRKjumolV2zPdhPwHrGa2yaz5Pq+yaFa2yYypaZcd8H/YTsJ7RKrvm87TKrlnRKjumolV2zPdhPwHrGa2yaz5Pq+yaFa2yYypaZcd8H/YTsJ7RKrvm87TKrlnRKjumolV2zPdhf/HA+sl+nPYTsH6y78R+AtZP9p3YT8D6yb4T+wlYP9l3Yj8B6yf7DqwE/x9r/2Hg9yfsgAAAAABJRU5ErkJggg==','2026-05-31 00:23:10'),('logo','data:image/png;base64,iVBORw0KGgoAAAANSUhEUgAAAJYAAACWCAYAAAA8AXHiAAAAAXNSR0IArs4c6QAAAARnQU1BAACxjwv8YQUAAAAJcEhZcwAADsMAAA7DAcdvqGQAAH8WSURBVHhe7X0FYF7Hme3ue/uWd1+7r20ahiZp00DjOEaxLTMzc0wxxY4htmNmZmZmkMVgmZlJliy2yLaYWeedM1fXVr3ablI70G7G+nyZZs6c73wzc+//NyUlJfhLtuLi4j9plR3zfVpl91TRKjvmr8F+AtZ3bJXdU0Wr7Ji/BvsJWN+xVXZPFa2yY/4a7CdgfcdW2T1VtMqO+Wuwn4D1HVtl91TRKjvmr8F+AtZ3bJXdU0Wr7Ji/BvsJWN+xVXZPFa2yY/4a7CdgfcdW2T1VtMqO+WuwHz2wKiuMb2NlZWXIz89HaWkplOz1WtY0KyvLXEepqKjIrLOva69T0rLmCwsLjdlJ63QNpby8PDPVdl3T3k/z9nk0zc3NfXyczvssVjGvfkz2Vw8sFWpBQYEpVBV0Tk6OmercSjbAsrOzzbKSCl6mpG02QHQegUGm+Yr3qGTvp6m9n5L2fRpImtc6e/nPNfsefmz2Vw8sm6mUVJACmgpV7CIAyLSfzTaaaj+t17GaFxiVdD/2cSkpKY/nBUJt0742UJV0HYHKPpcNLPu5dJymz2J2Pv3Y7K8eWEoqWBV6ZmbmY/bSspIKW0n72oDTdbWvkvazWU/b7ePsqfa1z6F5XcsGp8Ak8Njspv0qPpP2sef/XNP5foz2Vw8smRjHBocKUybXZxe+kr3ddom6tgAiMMgEEG2zwWXfn4AkExCl1zSv9Tqf5pV0D/a17fPJ7G3PYvZ9/NjsfwSwVMB2QapwVeg6t+aV0tPTTcFXdGN20n4ZGRnlS/gjLabjbfDYSQAUIHU+JdsFal+t0/m0Tsuyp+/125qdTz82+x+hsXQe2z0JGFpWEqCklWwQBAUFGXYLCQnBlClTzLEXLlzAyJEjcfbsWXPskiVLzL737t3Djh07zDl1HgFKqSLwtM7Hxwf379834NL96FoCo6YC+NP3+22tYl79mOwvHlhFJZY9WUcgFT0xLSsVFtrNBxZTpadnYufOnXB2dkVsbCyio2Pxs5/9DCdOnDAg+pu/+Ruz3/79+818t27dcOXKFbz22mvmvhYtWoRf/vL/obSsEJMmj8f7v/8dXFxcMHbseAIpnuKN4AuLQseOnQ24BFLyF/JyM1FYoGDAWq74LH+OPZ1fPxb7wYFVWWZVNNVsTcU4YgDVfBWS0URF1DMsntxCaiUWpAERp3mZ+chKJXNYZWfWFRaU4syZc/j4D59izJixyMspRPOmLfCPf/8v2LZlO4oLy/DiCy9hw7qNiIuNx7/9y78jKeEB9u7eg9o1a6HqJx9j4oTxaNa0sTnpuLFjUKvmp5zPw4MHEWjbqjHe+927mDNrPtJTcpGZXoIa1epgxLCvkJvNe8+h/spLN/sX5CSjNC8DJfkWwPSMtqtWUr4o2c/+XdrT5fG87EcPLFsPyX3YWknLWi+myspjqM9CePgoBVxERtoTQF04fRGTJ07B7p27UJhfAH9fP/yf//33eOc37+LKpeto06o93vvtBxjYfzAK8orx/nsfEVibUVpchv/7bz9DeFgE9u89gCp/+BjLly7D22/9Bu++/Q5BWIRePXqiQf06dH3JvFge3JxrYeaMaY+B3LpVJ3z4wad47ZU3ERoSZm7o7q3rCPQ5QuTkETW5KKVlZaY/fla5UbvSaFlu2d72XVnFsnie9hcDLNuUNFVtlqsqKZFuyjSFqWSAxfl58xbgvffeQ4+eXfC3dGXHjwUgLzsNn3z0PhrVq4/6bvXQrmV7DB88Ah+//wkKsoswuP9QVPu4Bj7vOwg//9f/QOqDNOzcsgsfvfchctKz8coLL6PKBx+TaYpRvUo1dO/aw1wrMzMbv/7Vy9Rcuwzwd+3ehhd+/TMc9NiJV179JcIj7pp7+4jX+eC9j9G8UQvcvHqFayjiC540qirp2Uyl4bMJZJXlyfM0O1+ft/3ogSWz97V0CsuShaeML8jPRWFuFtcUISkxHlMmTcbNm7eRnJKG115/EzNnz+K2Ynz2WVc4O3yK3KxkuLs4YMbkCWjs7o7/LcAFnjCs8iAxGdmZeejZvQ9ZbhounLtoQHP3TiiCg46Z+dMnzyDQP8gwmtxngN9RaqZiaqlofFq1Ji5fvoy7obfw2pu/xu/efwM1av8B733wDlLSUnHh4jX8wz/8HMeCz+LVV94y7ljA8vLyMuJfSc/66NGjx8+pZ3w6L563VSyL52k/emDZGawarf3tpG3SLSgrQNqjWLRq3gjNmjXBpSuXjWv8sMon6NmrD+dKsWvnVvzi5//M2Tx81qszRg4fjAAfT3w9foxpfwoNDaXbyWKB6npyRWoyyHm8LEtLSzHTgoI8ZGVllG9ngMDNIsvbIbdQWJKLi1dOo9/A3kjPzMCGzTvwN3/7b0hNL8YXX36NX7/8Fn73wR/QoEljxD96gLDICPz9P/6DiS4rJulJPavtEr9Lq1gWz9P+YoBluz4BzN6Wl0tNUpCFo35H8PN//yfqrAQWMgubx6xbvxH/++/+Hl9++SU++vB99OzRhWuL8SApDrduX0NObobZV6DIzWdBlhFQhXlmXVZOJpcZOBTlc6kIyakPuL6YzPMQGVmpXFeI/KJss07Hp2Wkm+MKiynS87NQQLTpHiKjUzBpymIkPshFLaf6mLd4GT6sWgVrNq1DdmEuevX9DL9+6UWTD0o3b97EkSNHTJBit51VzIvvwp4uj+dlP3pgiRUEKO0rUFVs4dZ6scitm9fxL//8j/Dz91JRIITuSOvXrl2NPr16YykLNC9HfYTUMGQYwVWWzHMJGJkZeWCASdOSpZl0DWs+HUUEjI7Iy1c3D++lVG1WBcjMesT5AsNghUWEls6vLbwtsZR9HQakOH72LKLi76NuQ3fsO7wfyRkp+Nl//F8sW7aMewCbN2/GO++8g7//+7+Ht7e3WScxX1mePE97ujyel/3ogfUEQBZzSYPIrBDdckOPktPRslUb/Mu//BPFeme8+NJ/4Oy5E9xSjIcPH5qdCgvK6O5KkM3oL5+lL6mcU1Rg2pRK1a5UWoi8zGSUFWVStz3iVrJhESO+UrrAUi6X8TzQ+ge0BOq7cK5L4LYHjBIfoYzgy88t4Lzuk2AionLyy1BIUGXQtYnbqBIR/zABOXmZ2LRlPX75q58zD4qwYcMGvP766xg3bhyqVKliGmrtvsrK8uR5WmVl8jzsmYFV2c1+G5OOkKZQkii3hXlFplLSPhMmTMALL7yAf/7nfzYt4wJVNslDrBCflILxE77GZ3274fhxHx6bhdy8DONWClnQ0sPU3AZUuUWlyCspoLtTNBlPmokotzDaHRoZr/g6p4zc8s8ShaeIFlrJSZ6IgC07zivKuA5XaYz6yu5zWyqPIzMWscB4TTGgGFKuUU0jluulyyzKZWWIQ2RUKLZu3Yz/9b/+F6pWrYo+ffrg448/Ns0Mum9VHtslKl/sPFOyddiT6PhJJ7fy9JvqM+3/XdgPDiw72RkkQImltKyka2j+wIEDeOmll3D9+nUjdv/pn/4Je/cdMqDKzJXaYeabglNbF9mDrFBIoV1SUoZ8+qLsnELqqnwjsMsgNycxTjDhNC/iS7QdpljaiYLEtciIXoKHoTORGDKJNhFJoeORFPYVHtwbg0eRslFIjhqFlKjxKHy4BCUpm4AsDz6EwBdCgBGsxQREkdUwWkDfqMbb/EK6zZxsVoYsAi2f1y5GTEwUzp8/j/j4eLz88suoX78+11tJ4NDzR0VFISJC92o1SwhsNrCUX3ZeKv9kdqqYz/+V2eX4vO0HB5ZqpjJDU51PU60/c+YMIiMjy7MI1Etr8cEHH5QvATVr1sSIkV8aTZPGwsvKzzbiWWxQQn9UXMgtYguCTo2fAhlKVfvJLGU3UJJ/FCWZW5EbNRrFUQNQGNEP+fd6IzesO7LvdkZmSDtk3GmJ9DvNaI2RcbcBrT4yw+oh6547ssPrIfteI6Tfao7MO52RE94Xhfe/Il6pmXKOsFRv8jp0m3kU9gSWAkwSGXJ5Xzk0MacqQ7GATwAptW3bFosXLzbzygc7ubq64t///d9x8OBBs2wDTqCSaV5JU23TOiWB7+n8ftp0zHdhPziwlAliJNVEZYpApho8ceJEXLx40eyjbTdu3MCbb76Jhg0bwtfX18wvXb6EUroAuSXUSWIqWlEhM10lqFKjwCnSIL1idQxLH4Uyt/2R+2gt0mKnID38c2TcaoLcW87Iv+WC/DvOKAyhhTqhONQRxeEOKAmvieKI6px+ipLIT1Ea+QlKo6ugLKoKEF0dZfe4z10ez2Ozb9dH1t32BN0w5ETPR3bcLl7zHkucACtK473RvTFKkCvOpObLzGOFyrOG6khTpaamIikpySzbwUOzZs3w4osvYtWqVahWrZqpbDawtL8AWBGEApO9/X80sKQLlBFKEuWav3btGgIDA/HJJ5/A2dnZdOIqxcXFwcHBAW+99RamTp2KYkZkhRTZWRTZeYUZjMooninIi/PJTgRYWTY1jxHfLNy8Yyh+uAGZkeOQHNILqSGtkRXaAGXhbkB4bSCsFq0msVcNpXc/RdndTwgYAohWGvoHlIV+iNKwD8207B6ZM8y2D2l/4HEE3N3qyA+phazbrkgmYBOud0J+0mwUpRJguecJMLrI0hzeN5mFgk8AKyjvHLeTXcGULyNGjDCd3hptobySFNi1y2rdt0e1an+B0JYO2u/buMPKyvR52I+CsZRs4WknAesXv/gFBg0aZEYX9OzZ0zCYMk011bBccQHdCjMVdKeEmEL/gpxMlKlZoCyduRpFX8gCTduD/JhpyAjpT4Zqhew7dZF71wEFBJDAUxrysQEGwqqSYD6l9KoORNawTMvh3FbRtK58fVnIe9TuvzeAQ9hHXEcQRlVFSXQtFES748HNJngUOgDZ8UsYafjzyRhNij3plgsKMvg8BYatxFLSTmqFt/O2devWRtSfPn0aHTt2xL/+678iMTHR5I/yzk525RTIlJ9atl3k0/n9tNnXet72oxDvmgoomiqDNBWA6tSpg+HDh6Nly5b41a9+hVatWpn9VRDaXkRBrKYntRPllbdBlRZRa2VFc4aRWmEwcqPnID98CPJC29LNuaMklOxEUIiJiu58YNiomIxTcu9jGlknvCoJjtvDa1SwWpbR7ZWG1aZpShfIZcS4EEScj6xG18lzhP+e7pJAiyazxRC43J51rz4e3m6H5NBhyE9cSQ3GYKH4Gu8xFkX5aea+7bzQc2lebkysNG/ePFSvXt00R0h3qnIpH37/+99j9+7dj7uDlOQSdbyApfy08/JPWWVl+jzsBweWukhU05QC/IPN+CXVXmY19uxVl8jfmIZOJekP9buZ8VcUveI3gUpCODUjnxmrkQ1qb7rFlYfIFsOQfKUdcm83QlmYq8VE9+je5M7EMGSXkogq1FBkGE4FrGIyV3Hop9RZ1Ywh0onmzGNdCS4XlEU4EThOBJAziiKoq+7WpIivicKoWsQJXWlsVQOq4vDfkRHftdgrwgE5YXWQeqsxkm92IdjHElxbeZ8XiaR4w7Q5eQxa+EzZaj9hysqwOtPFPJIISgLbHz78CO+/93u6xB346KMPcPz48cduUVPto2MEsG9SPk+X5/Oyv6nsYs/TVItUe2yXZyddvJA6SAPfyhgypaflwaGWO+bOWcSt2ldtW9n47XuvYdnyhaaLpaiEeoLRXzaBKEDlFtEFlGq+EHn5dIUUyCi5isJHa5AS0gNZt6ihwurSRTkSUCz4e5YIt4BUlYX/CQo4lWkZ4QQSxbrRXJFkoyhaObAEqtJwCnqCU/vnhVdnBFmD0WRtYwW2RRJk3Kc0nOL+XlUU3SWT3a1FsDqj+J4bSiPqojCyGcV9DyRHTeQz3kF27gPkFJBdxL5k3vwcak/WtdICFpJaXJkfGrS4eeMWvPbSywQcl4vz0aJlEwwZMojbLbaymdxOyvPKyqSiPQ2I52XfObBEx8ZtldcgJc1bYlMAKjJ9fplphfjVL97E+XPXmCHFyMxOxOBh3XHmXAASk6K5JyMoivI8RlU5PD4ttxgZBcXUWKT/ErVS04pDkJ24igL9cxZeE5Sw4HGPYKHJpZVG1EARdZMKXgCRaV5WJlBxCjISyESIdkZpjKYuBBgFPq2U8yVkJVlRrCPdHFkrsla5OfCajsjjVADTuQVk23XKjeoeQGCXRRKcUXWRHtkL2cmb6boYrSIH2fkFrCAlpnupNI8oY8UpIeBMPnHxyGFvw1aHDu7FtKkT8Hf/52/g70+3yiTdqaR8VT6rx0EusbIyqWgVwfA87TsHlkw1R+5OJlDZ4bW6M+TyUEbAMe8a1muJf/yHfzP9Zm3bN0HdejWRlpHAfYpUZw0r5RXRfXL3bP7HSmwaP1EqYN2kXt9omCrzTj0LEAYwFqBKI2qRlZ5YaTh1koxgKIsUQ7HQuR5RdHcx1GL366E4rh7BVf+xFcfWQVGck7FS7mP2i6ZblMaiWC+Oqo2iaDKYQEbXKMBpWynPX0YmK40gwCMYbYoh79VG7r0mSL43gOSsZolIPksG8gikgsJSshWRpHrIvEtPThFJCVtYsGghBX0VvP7aS1ixfDHzk6EL2UqFqaQ8Vp4rKVp8uiyetqcB8bzsewGWwKSpLljRJYqZHj6IR2ZGGlKTM8AgD7179cP/+3//D/UbuKFJU3d4eu1Hbp7VWazmqZxctVcRjgzZ5Uqp1lkA0Sh8uB5pob0o0lnYYdXogqilyEIlBIwBEgFkQBRhmXFvUWSkcjZCVB0KcQIylkx3vxmKEpqjJL45hV1ryxJboSyB2xIacH19gqqxZbEEX6wrTWzGa5DFBLaiKEcDsqLomihWexdZqtS0g1HQy+0yQJD4z41ogrTIgSjMOMCnijHsq7YtU+eEFeYbxRfXFSEzh1Igzxo5m5rywLhDVUpLk1oaVMnWXEpPl8XT9jQgnpd958DSReQONdWy/dCi6YSEOFSrXgXvv/8eRnwx/PHgOm4yIwauXruIs+dPEUTMZa4jlpCfx/+IzYL8LORnxvFMtHRPpN3tj7Tr0lJyfR+hJORDE90JWGKSYmoliW6jmQQoMlppNN3b/UYGSMX323LaiSzVBcUJXVGc2AGlSe2BR12Bh7QH3VlyXTjtSOP6JE25T1xzlMY3RklcQ8NyZTECKIFmACb3KE1HQJVHmrqf0ig1Z1CDyehWk284Iy1qGOlGozMeWKxTyAJiTdJARjX6qr0rI4dTPrv4qIy6sqgwh3livamtt4neffddzJ0793F0aLPXn7KKYHie9r0CSw8retZU69SK/MILv0S//r3xSZU/4Je/+A+G0R9wH+qN8uhIol0MVZBf7gs4KaVLLM3XWPNoupEA5FIEZ91pYqI53HkPCPkdtQyjM8NYFM/lwCopB5QKHtF1yDYU9/EtCKS2Fpjie5OR+qI46TOUPOyBYlpBfDdaLwKnLzFMS+hJUBFkD7vRCLTEdlzXGiVJLS2GI+MhhuflNcpinQyoFDBIb6nJwrCngKWW+6iP6H7fZ/RZFSl3GiAr7mvS8iU+ZzqfN9vopZzsdKvPk75QgJJl5OQaFpdEUAVcvXq16cgeMGAAatWqBQ8PD26zosjKyqSiVQTD87TvHFjKHE3/2AVa0YqmkydPRJu2LdCieSPMmD7JvBUjN5CdlY9cUr+wlEmgadgLMWblrDKVYbrC9fzo8cgPa0P9QndGTVV85wOUhf6BhcbojiZdU8qp3JPEtwocsYwU5cLIVkjisYkdaV1RlkjQJPZF6cN+KH7UD/mpA5GbMgS5ySNQ8GAMihJHE3xf0E32Q2FSNxSJuchaSCLbPWhHlmuHsri2PHcLAy7IRRJEcoNgRFl2j4I/Qm1ecs9VeG9/QOndD8hc1ZF/tzpZtw1d+jo+23XmQbLRT6pJVgBkaSh1YquzXRkhcPXp08uM7e/VqxdWrFgBd3d306isJEFfsSwqs8pA8TzsOweW2ElJtCyQaVmtxzEx1BOcl87SuKR3332NLjDPjGPXq1lClKIjuQABS8t5mdQeWdQTRSk84W0W7jo8usJCjCSooh1RGPax0TCIVqs5XWIMRXlETSOcjciOofszwrwBQSUt1QJlBEfpg04EFFkosT+ZZwTyH06kYJ6Nh2lLkYtDyCrzQkahH9JzjiAzfQe3LUUG98l5MJQg/IzA6mrOUUL3WBrXmUxFFiNzld2va1irLJYRIdlSbWAS7UX3GJ2GfWLuF2FW95GixcJ7dZAZPgglGbuZY3F85EIyt5iJ8GKF0itqGkKtdq/sHDWMlpoGZPUnqqvn7/7u79CpUyfTBSS2UqqsTCpaZaB4Hva9uEKZkny/kga2/eM//iP69etnhvVGRNzDiy/+HGFhNyQeUFTA45iRApbEukZmar6EorYshy6wIIonO4rEa8NRFNKUhUPghFenYKbbi2bEFSNwSccQYGoyiKLWiWCBMuIrjRdLUYwLTHRlefFkmJRe1FL9kB7aD5lxc1l4Xgz+43AtIxpeERHYdi0Ua86FYM/tSJynaI4vTSLYrqIgbx8yE8YiJ7YnGa8zimJbEZzdCFiyWCq1Whzdc5wb9RuvK/aSG+a9KAqVWzSRaigjUTXAqimC0/Q77kiNGMGKc505lcfskDvMRFEuM4REJd2lEa1lFO2KlJWGDh1qur3USm8nqznHSuoqsr2EtK1MSRW7Ihiep33nwFKzgu0GRelKeiCNqVKn6tvvvoN1G9bi+o1LZgyV2m0K84uQm6XmCTEW662G/TIPS6g7kHufmX6FGmg9Um99huK7jOTC6ALDa5o2qqKYqiiOJQsIWIzKpKnEFkVRjNRi6qI0gQwnAZ7Uw7JU6qrkgYzMhiPz0RoC6jJuZUdg5M4DaLZgDz4avh5/GL0XH47eh98O34wqo1aj28o92HbpIqLzwsgpwchKmYusqD7lrEcXGdcBeXF0k9nSaA3oteui6H4dw5hlvA/TvEGgq7lDLfiPgUVNmH/3U2RHdDYBCSmQFS3bNCIX5zEPDWtZ0bCYXuCyARQdHW3yWm9xb9q0ybyprRERdrI9h8pEbKayULlUBornYd8LYykctmuJxlVp2IsyRA/YuUs31HKojaxs9ZkpCrLcnmjfjH4hoPLyVVu5spBsVXyHNHYE6eFfITOUUVwYXRvdi7RLRWCV0g0qMlPkVxLNgo2tT3FNdksiUz2QliJLJfTmfH9kxBBUWfuRiSQsYRRae9YqvDByGd6adgDvzwrAR3OC8eG8YLw31xe/mbEfb0/ZhipTN6PutEXwuHcRGbiG/JSlyI6kuH/YhwFAB+TH8zpZvVEYx+CALFnEqLE41t3SeeXgEmMVR6uR1YFAo+umaywOq4K8sGbIjyX75F1gnlAn5eeRxQkCVTQGMfl5Vr7awND3J/z8/EwntcbMa/yWhtqo4pqh2UzyFnaZKGkqeWID4Xnbdw4smd3OomEvemB1pgpUhRSkGvgWF59ogKfQOT87C1lpqQZc+eWNoGowLC6iZjDDTs6j5NFyPLzVFXnhTalL6GrC6eZYOIr+SmJqoJhmwv0YNxRGuxNUantqitIkah/DVP0ILIr0hIHIihiCnNT1SMF9jN1/GG+NXoqXp+3F6wv98YvpR/DKzAD8erI3fjnJAy/N9MYbi4LwzpJjeGteAN6ZsheN5u/EodCbjM8uISdpDgoTPqduY0T5oDtKGBAUx7dnRNmaLlFNGg0NyBWdqtFUEaLcpLqByhg9qmNc7VuFd+sgI4QgzdjB5xVDq2mhzLC33mPMyy0yzKV2ZTvJ3YmpJNz1ZpI6rvUBEzvvVdiqzAKT2MvSt3/BjGUnPdSxY8fwyiuvmBqmdPbcBbz34cdGKSjj9I0DI67UUspcy8jKNC8l0BOSuilWy6itir2RGTWG4Xkj5DLSMq3cNAtYjLqiHR6DqpgsVUihLq1Tkkgt9UDtURTbDwagLKk/CpJGITVhKTJLbmCe31G8O2wp/rDoGIFzEi/P9sQbC3zw6pwAvCxwzfTHS7P98er8ALy2IBCvzA3EqzP88Po4D7jO2IngmJt8ist4FDuOQn6giTAl5BHXBSB7lRJcJbyPUkaLxdGu5l4Lo1gJ4mohP6KqiV5Nc8k9JzPYMPVWHYJzEkEVIj/GwmL+EEzq1pIbE6PbwLK7c5QUGUpvjR8/3jTtKMlFKglkKhOx11+8K1RKTlabE8vzwQP8+te/NiMhZ82ahXfe/R0GDvkClFSshaUm8ilUDSOwCguyTaezhsMo//LVblVym7mzBSlhvZB9zwV5DNlVOOo+MWxlulesZgVFf3J/FqhaE0gS6z04pasiqEqThiDv0Uxk5B7D1bRYOE1cj99O88F7yy/jXyZ44K1FAfjNQj+8tfAoXpt/DC/NDcKLcwIJLoHqKF6edxQvzjuB1+aex6tj9qD9ki2IKbuP1LSNyE8cSUYcQEBRc6ndK4GATmiLsrjmprW+NKqe0Xy699K4moxF6L5N9xOFPIFVfLcWskKqITuarjrrBIHFSLCs2LxVlEvm1vuONrCkMAQSFaYqr4Y3K0rUiAg1nA4ZMsS8YqayEFsp2axlH/dd2HcOLDvstWuNGkXr1atnRka2a98RGdkFBjhpKeqe4QxrkV6lIschvzAHudQWesultCyNWuMcMpNmIy2iPfKiGAVG/t4ClmErNSkw0jJs5WL69cRYSGhJ18co7UE34wZLKK6tBtAvkZW6BllIx5Ath/DaiFV4e+Fx/GymH37NqQD1ygwvvE4wvbkgGG8sPo5XFxzDr2ccxQvTg/DS/ON4Y/kZvMB1v19xAi8PXYwlZ04hG2eRnTCdoBpMcJEdE/qQvSTq25C9GlNl0yIJ+EgXw7K6ZxPNalRFtKMR8Bq6o+dKvtsahel7WdFimEd5yC22RnKowgkY5bIVaWnWmC4146gFPiAgADNnzsR//Md/GJ311Vdfmf3tZLtElU9loHge9r1oLNnVq1dNm4te21JGmIzhQ6pHX1GfOln10kN+tl540LocAyx1OueRvfRWTWG2P1KihiM3ugnBVBUlke8/aVk3jMWCUlsVQSXGKlYjpVrGk8gYSWKOntRA3VGQ2A9Fj8aTXXYjMC4c1cevx7vTDuHlOWQlusKXl5zAL6mv3pwXaID1yqxA4wpfpJB/bc4JvDqXrnLuCbww5yh+PsuXgAvEb6Z7oN3qPXiEGKQmrkRuBBkrlUYQG12XwPugzoJhrPoElRsB5WgqhBpwpRMRq7auTzn/MXDfkTqyMfKTGdmVXGNepZlX1oo0ZEat8BpOQ8qSNlVBCiyal/vr3r07fvnLX5rIUEkuT9sq9iEKWPax34V9L65Qrza9+uqraNSokRkJqZqkaCUjI828WaN2GYlzY8V0gTQNO85nRuaab0gRWGUxKEzZiczIzsgJ00C8KigK1YhNqz9QHcxFEbRwMhVdTVlsQ6sfTw2XZCkksZATP0fpo8+R/4DgfDAV+TiDOcfP4J2vtuIDurj3Fp7Gr6Z744VZ3nhltg9enuGN12cfo9HlzTlGo1s0xvnZJ2mnuc8JCvnTeH26H97/ajlOxIYgI9MX2fHDLU2XwWve1/XJWo+60O01Qg5BVRhXBwVkKHPvEVZHeWFETVNhCiI+QT7dYkZYC6RpzFbxUVa8WPPqWn5xkRnlwZVEjNUyryT9ZAtyfUjOznsNBJSH+Oyzz8w67aOCV6oYKf5X9jRgvql9L8CSnpLfV9JQWgHsiy++4FKpyayi4lyUFlrA0rx5jYsZKLP6xCjci0KQE7cCWaHNWMMZmsv1mREMNTjvzNruzlreiNOmnDY1WiYvqjEFcBcUJZIxKNgFrLKHg5GfNBqZDxYgA9cxcJ8vXhm7A+/OYrQ397iJAiXYX2fU9/q8oMfA0tSAiqLdTAms12edxavTTuHNWWfM9t+MXY8dV28itfAS0hgYFD/shPxYCvhkXjuuO3VUSwP2ogTemwKLeDJvdHPkR7ZGRlR7JEe2x8OoVkiKaoOHEZ2QdK8/YkImoSz/OCtWAqPkLIJBukhcTxGek04gPclnJYFFTCTxrncGfv7zn5u81xvWYWFhZpu0ld0M8XR5PW2Vgeab2PcCLDWG6m0btbWoK+e3v/0tZsyYYVyhaqAApPFHEqRqgsgvLjHuUf1jZmgIGPUUXEJ+3AIK9lbGTZjumrtVgTC6wDBqqjC6v3Bqqnt0f+EaR9WABdeMLq8TCsUcjxQN9qd9zoL9igW/km4rHA2Xb8GLk/fgjbkE1OxgvDqP4JpLMM2lrpIRMLa9Xg4sRYQvzqPLpDsUY70yk/prEefHrsMUn2BWg3CkPpyIIjU58LolCb1QEkWAJTJCjG1OfcUKwHtKi+iODEaRGQ8XIS1vG4HugUz4UfcFkqP9kYNgxCX7UV+RrQut9iwRVFlh+VcAuWALcCWxkYAlXav8VQ+H3mrSu4o1atTA9u3bjQwRuJS0X2VlVtGeBsw3te8FWLqQ3rL527/9W9OOpahQGSL6NsxEAKmFQWYDy/5WqBmaW8qIMIvCPXwxHl7rjswbjVF0m7WdGiQnpCVdCAstqguBRYEcQXF8vwkL0RpTJdZQh7G6bAywkj5HsQHWGjxEFBznriL7HMYbi47i17MJrvmn8NKsYxTuQQSNPwF19LEZYNEsYCkq5DxB9RIF/evLTuPX49dh8I6DBAajQ7ra4od96KOGISeGgJLGu9+JbNuS7pDMFNmX+bMKRQRSRJ43PCO2YvGZBZgUMBVTj07D4nMLsPHaapxJPokkxNNt55k3qLPTM1CYa412KCy1XvCV+1Ne26JcKSEhAQMHDjQd1Hpt383NzUTlFV2h3fzwp6wiWL6NfefAEuWqYVTCURHh0aNHzUNJZOpFCvMeoKxQjX5iL7lBS3fJpLWksYpTriDp2iZk3V1Ovt9DBO5nYa0k5e1ASfIy6pKxKAjvS93SAoUx9RnaE2AP29MVdqMr7GWYSq5QwNIohfTEVWSsCLjOX4s3Z3sy8guktvLFa/MpzmeTgWYE4OVpPgSTf7lJyD8B18sU9rLXZhCE0wPx1tKTeGXiOgzftQe5iEZG4nTTrFGY2AclDwgwI+C7IfNeZ6TEDkVa/kZEFnvga+8v0O/IcLTZMwB1tvSA44b2cNraHu67OqDp3u5otaM/vjgyFUcTzxOwzBMGNnKDYqvcQs1bTCVwCVQqVAEsPJxBSfXqJu+1TUl5rgqt/W3mqqzMKtrTgPmm9p0Dq3Pnzua7C/7+/uY1Lo0d0oMLaPrAmXSV0VflwNJQERtUBljqF1PHc2YkpdZNurkgFAWvRcrBOXh4aBaSgxaSpXZTJHsQSKuorYYiP4YuKL67CfOLyRRFLFw8HMTCHUyADWZUSI2VtJQu6y46rN2LN6bsJ1h8DbDkBt+YR0GuqQA114/uT2YBy7hEmtFaNC2/SnZ7Y+EJvDtlMxYEB9CF3UBm3FQD5oJYgvohmTKhN0qp7zIejEd60UbcKfTEOL+xaLGnD+od6ou6ngNRx3cg6vr1h5t/T7j6dYerT3fU8+oLp/Wd0XffWOy752M6wDNLM5GalWZ6uWzQKE/tJPCoeUdfGFR+a5yWk5OTeU1fjdRKdot8ZWVW0SoDzTex7xxY0lOTJ082Pr558+YmOhQlW6Gv1VVjwFVAd0iNJYLSSAZbY5WR9pGTAVw/g4RFk3G6Y1ME16mJEy5VEOz0e/jX+T28G3yEW4M7AZ4rCJ7DQMpGiuaJyIgehKKkfpZ4fzSIBTsUhclfIOfhaOQkzWL9v4SvfU7i7QnUWDMZBc4Jwq8p4gWs38wLxluz/Q2oXplHE5DKgfUWXaWtuaTDXpsdhDfnHEfVaTvhHX4VOYXHkBXzNYFFMCcOoO6mG04egdTYUdRQexGKoxjmPQZuG7qimd8AuPv3gotvTzh4d4ezdxe4+nZC3aAuqBfcA25BveHm3RuuO7uh7Y7PsfmeBx1jGrJL1FkvdrLap9SbIcay2w2V9JmCt99+24wsVbCkSi7tJcaSicEqK7OKVhlovol958BSD/s//MM/mPYrfbFOHxezG0vlCg1DGVdo6SxJBH12yHwELY8r8nIQt3s7PFo3xb4qH+BszRqIcHVDtJMDwmtWRajjx4hs5IKLLnXg6eKC6xNYmLfoJrPUUT2VOmsE3VE/yjSCLNkCVu6DUchLmkyHEozNl6/gk6+34Lczj+CN+Ufxi2l0gXSFrxNgr061XKFApdZ2w2blwLLARddoBH4g3pnmC9dpG3An/TbysvcjK3o0mcpiSDwajsywQSjIXY3wYj9MOTkbDeji3DwGwsWrK1x8OsPZnwwV2BN1/LvBzacLAdYJDl4d4ODXFbV9u6LRic/hsqc7Ou4fDv/0S2RFqzNaX7FRJVVhKr/FYGIjuTnpL/3QgQKnunXrmtGlo0aNMnmv/e1G0j9lFcHybeyZgaVki0elitv0cNqmB9eyqHnLli3mgXVxsz8FqN5M0XBkrckls2eR1ksKcjmTgntL5iGwBVmKeiGmQSPEuNdDmENtRDg7IdrNGbF1HHHPoRoB5oSY5i1whEI1oB2jrlveQJof8iKnoSRxDFlvHPIfDCST9ad4J8ASRiH10TpEFyWhw+Jt+P3ErXh1pjdeJKhemH0Sb849RdY6boGHzCRQmWiRwKoo5tXVI7b78OttmOHLiLD4AorSVyDt3kCCaghd4DCy6FfIJ0OWwhcbb6+E25puqO81iCDqSxBZQJLbc/XpadjJNlef3gQd5wM/Q3XPjqjj1xt1dvVCf4/JiKPuVLwsES83qDzVVHkukztUx/S//Mu/GKaaPn06xo4da9q4lNTlY5fbn7KnAfNN7ZmBpZvTiexoQw9nn1x9VOvWrTNvj6gPS7/yYLOVHtx8zao8ClR0KGDlFdMF6hPVWelI8T6Mo21b4ryjA8JqOiPeyR1RtR0QSb1wnwCLdnNFLJkrqlYNRDvUQqyzC6LqNsKZuvVwZTQLNZZ6Im49siTsk4Yz/KdbEotkEmjJI5EcM513EIl91y6h2tjFeG/mIRMRvjDnDN6czyhvih8BVK6p5pwwwJI7tIT8E3t5zEY0m78Rlx7p/UAfpEV8wZKjpQlUw1Ec/zUyHi2npgvG1yenw2VHH6OlnMlQLr7d6PpoBljdCSjqKwJMgDKg8uW+/n1Q27szdVcPOB/qhU4eo3A26y7FfCH/WX2Ays+Kea95MZeaeFROaj9UZ7Ut3uUyNX26PJ82+3zf1p4ZWHoAmf1gumHVGKUmTZpg5cqVaNy4sfnWgPoHb9++bWqXknkBlWwlgElvCVAlemkih+x3NxKnBgxBQLWaCKvtggSnxrhfsx7u1SBbOToiytkV4Q5kLdJ7ZM3qiHerjdBaVRFHUF13doMf3WX2xjn0q0eRe38m8hKG87xfsrCHUpAMQjHdY0HiOJSk78Oj3LsYu/cg3hi2wOiqXxNEv5jqi98tO2dYqSKwjNaaK+3lT3Hvh7cnH4LLzK3Yc+M8I7abKEiZy8iUgj2DII7rTgB/gez745CcsRl3Sn3RaX8/uB/uS/b5DC7+vVGbQl3mSBfo5N8FLn4dOO2AWoGdUDugmwFVHZ9eFPY94OrVA3U8+6DFvs+xJdSDSiuHOtF6p0DgsstC87Ypde3aFf/2b/9mRu22b9/eaCsllcPT5fm0VQaab2LPRWMJ+XoITe2bVZJ4VNuVhsroh4rs1l8l+6H1lTvzehdrXlEetUEu5zPykb/rMA471EWoW30kONczoIqpXhf3neoikqwVVl0s5YgYslkkGSvGhdqrdjXDaBFOdXDD2R2n2zZkwQYRRCuQFzuS5x0BpA5BWcpg80JEKSO05LBFyMy+zPiwBD12HcdvZhzBS3OCzUgGRXoGWDR149jAemUedRftN7O9UH2uD1bcTEIiXVNiymGkxUwgI1LHJPcliAcQxEOQHjcGyfkHEPBgL+pt6oB6Pv0skASQiQgwmaNfzyfACmj/GFjuAZ8RTL3QwP8zOB/hMpmu3s5emBG8DCkMBXLKnjRyKk9VsW02UgXXcGUN/lPHtL4p/9FHH5mhNSr8HzWw7GSzlJhLDyYXKeqVK9SnDkXL6nFXRKh9pbvkFk2fYCE1WBmjnKIcAouC/WE6bg0bg+PVCBz3BohzckN4ldqI+tQJD13rIZ6MFV3jUyS5uyDa1ZF6i0Cr9iniKVIfUMTfr+GEuJpuOOVYEyUnthBMB1DIKK34viJDusL0L6mxRiAlciJS4/cQEvH6iiiW3svG7+d444UZjALnB1ntWuXRoK2xbGCJsd6Z5YXWW84jkASsV0VjM84gPmYlcuKn8pqjUBj/GV3iAGRQ42WW+WP7nQ1w39IFdX0Y/nv2QL3A/nD1tsxFYJPrkzuk7nJilChX2IBRY90jfVDPvx8ceYx7IAX/tm4Y7zXHACu71AKHCtN2cTK7bNRIql8v03YlNT2o31DpR+0KZfYNKumk9nolPaSApK/07d2716yz21C0TeJTHc0FhfpKMUson8CKvo+jjVsgxMkVoTVr476jK6JqEkzVHRDvQK1FVoplRBjnXBORznSBtWsgzsUVj9zcEVfbCQncN7GGMy44OSJ+63wyyFGUxqhdaQSKH3yBrPgxyKPAzivwF8/gSMhNdFy2DdVn7sJ76iNccBxvLT1thLmiwT8GluYtnfXOLB98MuswGizci3GeQbiWm0jHFEt35IfMxPnIiPoCJRTwWUnjkVUWhO23NqDxzj4EUjlIAvrBzYvRodfAcoB9hrrUWNJZan4QsOr6it36GK2lY+oGDIDrtp6YFrSErjATWSU5Jv/tfLfdoZ3/+/btM53++r6Wmnv0nVPpLlV8lYtdVv+VVQTLt7FnBpYdjdgPYzOX2Ejj2/v27Wv0lZocpLmUxFYSk9pfjXymLaaIMU5eDqesWbfv4KibG2KcnBFe0xLl9yXMCaioWk5mGl3zE9rHdIvVEFGzBh66N0SCqzuZqzqiGSFGkb2OOtbA3QWT6Y5OIDd8HF3TaBQnW0I6s/QKrmfEYvj+AFSbvg2/m7wbr0w8gLcWnMIvpwfh5bkn8R8U769QWz1xg0/Mjg5fn+aFd2Z64MVRG1F9ykasv3QDSWWPkJF1HCmxS1CYOAHZiZORVegD//t70XwXQeLTH05+3eESIPBQa5GtnHw1tRhLYl6aS67Q0b87HPw4T/HuTCarQ6DVIziXX9mOZAIrUyNB6AKVlypQu1zsAlbSz+epS0ed/3v27DHrlFRG9v7/ldnn+bb2zMDSSZQ0FbjsZbk/iUX1rOv75YoKldSVoNqipOOFQ/02DVeiNJuikutw+SpO1atvQBXvVsdoKoEn2qE2weZqgBNLNxfnWJ1Aq4YERof3qtVClNisXh2EOlTH9eqfws+hGsIWzyJybyA/agpyEscSVCtZyy/iStYjdFx5AL/5ejvemOmLl6Z6m07oFxUFLjlnBvO9Mec4QROId2dST82SWJcLtNq0BDaB64WpPnh70SnTZ/j2NH/TJjZmty9iC1OQnXcB2UkrzCtlelnjWvphtCbbNPD5HHUDe5k2Kiff3nAqB5bcnyJDRYoWsLqgln9XM1/ds4NhMXcyW5MdA7Az1FPNpMgu0hvTVteYPgelmlqmX8YoKe/EZ3nYYt189Jf76c1qlZXdDPSnTMf/OfbMwBJDCSi6UXPzPKmSOkE1clH9VWr5VXeOWEruz3aFCgaL8uj+6A6t/gkeq7d0wiNwomEL3KruhLs1yFguBJKDA2JqC1jOiKjFyJCRoJoY4lycDdDufloNiQ3cEe7GKLGuA8IdayGg1qcIW7OAF7mJ9LuTkJEwnxI9GqeSktB40UG8Om4nfj3NA6/NP4r3GAG+OjvIdET/bvV5fLTmHN6d4YlPpx5B0xUnUWXqAbw+fjveWx6MN5cG41fTffHqTAKMwHt7/im8Ou0Ehf9JarRjeG/8NvTd5Is7WakoyDuDR1FLkZG6HqnwwdRT0+CysStq728Ht6M9LEARWBZzWU0MApgxslr9IK737W7EfYPgwXDf1w/ttg3HubRbYByOglLKCX1bvpiSQ6xP9rK/M18sK7baqgQqbbf30/uJ1g+F/ucyrWhPA+ab2jMDy45EJNqVtGwDRxdQFKgXKuUKu3TpYrYribn0G4J6j7CUkaGYy4BTX5CJvY9jrTrjTp2miHGrZ7FVrVp4UIfCnC4xgkymaFAMJjYLJ+jEbHerVTVNDiEElFxhALVX4oG1POc1ZNxfZVraLz6KJlMdwtuT9uPfx3vi1UVn8G+TPPHyTLq/WX50gd54afo+vDNlJz4YuR4bLhfoCxHYeqsMzpP24K2JO/D2Qj+8uSAIv5zsZcZvCVjvL7qEt+edxa+mBeKlyR6owWix1+r9SCqKR1Z2AKIiFxAInvC6vxUdt3+GVozuah5sbwBlA8tiLRkBZtirJ2od6oCGwQNQ/XAXOB/8DE12DsKMsxupDNPBOJzAykdxCcEiwNCMpCisDFjloCq3Hz2wJBwFFmktTW32sgFkay699q3OaJvhdPEnbKfhMcIUGYvnQ/IjhEyYhGOObgij64tSLz1Z6171ahTwtfDIpR7FfG3EUpyHUUfJ9cU6uxmBH1O1BiKqVkcCGc+T7hKhgdQ6nqb/Lrr4Jr44cBi/HjIXHy4Nwqvzghn5nWUEeAmvLzxjXut6Z8ERvDtpE2qPX4ODN/MQ/wBYufg4ImOA648A9ykH8frobXh3URDe5P56ueKlGYGmpV767EUC6sU5Hnh16mG8OXwppnr6IqEsBvEPd+H+w3VIQCDmnZyEZrt7oz5dohsFu4Dk+LjZwQaVpbXcgnrB2a8X6geSrfYOIChH43RuKNVVMVKyMh6PgS8uIQsJPEX6smE5aJ5irBIBypj2/e+7c2RPA+ab2jMDy3aBSgKXgKZks5jdj1UxCXSPAUYvyHx4/DUZc3weGe/EMewl69x1rYfITy19JbcXU4OAqulkIkW1Y0U41UBY7erUWA544NwAjxzrIbFuQ1xydselfl15rhuICN3D2h2H9Sc9UX38PLz79SZ8utQPr00+hDemH8dr00/ihUlH8MmKYLPNbepWnH8IxCcCi0buwsSOSzCj31aEXQNupQBdV57Gm2O3kKG88Po8f7w8J8CMh3+RjPfKAuqwRVb/4tszDqHa5FXYcv0ishCCG7eWIiXPA3dyj6DX7sFw2NgN7p5ydWok7U09JYCVA8u0yHdBbZqTN13i4X5osX0QVlzZS9FegHSCQ3Gf/XMqBlwGLDZgKgOWBT6B8Ml+f9qeBsw3teci3m03qGUbaJpXEoC03Y4eFYlUZCx16egLffoyn44wY4zE4+kpODt6FI5+6oD0xq0QSa2lhlCJ83vUWved3HC3SlXqK4Kudk3cr+GC6KouFPINcbNuPRyq4wQEbDcRYTrt7oNQdP56JqoOnIfqY7bgg+Gr8f7IDfhg3D7UUNPBRLq+SVvQat5h3EgDYkKBKT3W4etG87Gi6zbMbLkOY1utxoWjxYilLBy26zLeHrMKb87Yg1cXeOKVRYH45Wxf/GoKtReDgDcWnsIbBN3bU3fDZfpyROY/Qmr6OUSFreFTnkFQmj/a7xqGBkcsDfW4BV4NpYoY/dRY2sUwlptHNzTd0Qdzz6+hC0xRWzv0nXh9gUeV0lg5uCzjPAEls4H1BHQVwfffW0WwfBt7ZmApCSwCjcwGmaamAZTspHmByU72OqV8ukG9Qq/M0TTH/JQtF/RmztVLCGjWGlfoEkOq18TdTz5GlIsDYuu6IpQu796nFPBkKwErvpYbwqu54LqDC4441ED4/PFA6lWkh+pnQuKQnJGHy+EliGCAdC6BpyZ4zqcDu+8CQ7ZfQtUvV6Lf+mBcSuL2kwWY1n0LZjRdg2XtdmNVhwNY2noPFnXcg1HNluPw1kiyBjDV9y5qzNyOF8etpUY7jN8sOY2Xph0l+9HN6k2eOUH43bITeHPMaiw8ShFf+hAJSd5IzPFBLMKxIHIrgUWx7mc1K8gMqMhWApUYy8mrM9z2dMYsAvI21Z4iwUeZD61IWoxEs8BlMVdBudngsoBlgesJ8P4CgCXW0VRJYJHr0zolrRegNNXFBCjbtE7AsxpXuU8hmS9X4LRGQ+oDISjMRr7PEfg0a4yrjo5IcqPmql7FtF2FV6uGBBe1bdW0unWor+65ueNy0ya4M2YQA4BTKE06iez4M7yxNATvO4ezhxJw1SsbAVvicOpwBg7uisTV0BKcjynB2JVeiGFAevVMEYa3XIElHfZjRWsPzGy8HzObe2B5lyAsbueBuS23Y0r7ddi84DQyWAcW+N9E48V7qcv24XfUWL+Zd57i/7hp/3pj8Un8YroX3p17EI0Wb8cpPtNDMs7hyJ2YcXkuugYMRl26OQFLZndIq+W9rjfdpBddoGdP1N3TDUPPTcO62H24hQi6VX0vjDdb/j0H4/IEsArAssFlA0sgq7je0mH/uTyftqcB803tuYh3CxzWTSgJGGIve5uSzVrSXnbSMab/WZUvjwymse7qiOYD63dnoJ8syaRiPhWMmLbtcOPDD5BEnZXo7IAEV+otAkrNDtJeEY7OZCsnJH0+ALh7kcddR9y1/TxxErKikjCr3woMd5+DcfUXY067zRjfeB2+aLIYC8bvQI4+FcHbvBCYgoldNmBa881Y1tIDq9oEYFG7IMxvdxQzmh3B/JaHsb6LN+a32ISvWyzH8gneZpjPnivpaL7AB2+P3onfzgzGOwvPk62CGRQE4yXaW/N98Oa41fjy+FksCvFDt70j4L61PVoE9jVAMqAqZygNoRGwbFBpIGBLv0Gou6s7GmzuiUGHvsbxtItkrlQUFOdYrCRg2QAqB89jED0GlW1PgGU1S1RerrY9DZhvav/tDwhUdrHnafoUD6GIUo3uI8AEPtMeIwGfS9a6fA65yxbjfpt2CK9BdqpZEwmMBu+7UsDTIj79lEJeox2ccau2I+40bI70r8cCp+kCc/UpSdZsYnNOj41Y3Gk/FrTdgdXdPTFPbNR6F/ZOC2IUylhh3W2MabYIi7vsIzMdwqr2AVhJQC1s5Yf5rWU+WNjaC0taeWBJ6wNY1GYfZnfYjUk9tyM2kqKe4Oyy1ANvDN+M16b64IUZNGo3vZ7/W0aV78w6iPcXrIbrzimod2SYGTZTP7iv5fYMSz0BlWXdTfdOnSM94XKITObVh0K/H9wZTXbdNwLbQvbhIcGVI8Wl18FKy5CZnmF5DOaoXsVndTcgssD2BFwCmkD1Vw0sCUn7h7wVKpcJCHrNKSkJEatXwaN9OwS518MVujq5u1gnZ7q/WgitVZ1mu0Mu166B2xT116o647xTHVzu1QHXZ03keXhuRnjTW68jMPZTM+3DivYemN+E1vwQ9nwZjOC5l7Gg5QbMarABa7v4YEGzg1jSxg8LmvtgUSuZV7kdMbaEtqyFBbJZrXZhTNvVuH4h2+iuYdsv452Rm/DBwkDzdZpfTPI2b1K/Nc8Pv1+9A9X2zUZNzy9QnUCpbVrZy5sVygFlj8tSG5asUSDB5NcXdYL6G3M83IOaqzv6BozFiuubkVAu5nNYEdWqroqp/tc8Rn85Atf/VGBl51Iv0A/llDJTShgRZlBRR0Tg7sTJONGsJc5RuN+u5cKI0BWxznUR7uiKO7XU8cwo0cURMW5ORsxH1rXavEI/IXNVIbhq1MbhOnURuXGnGXqwottuA4RlrQ8a7bS8pTcWNTuElZ0Fll2Y6rgeS5tyuU0Q5jX1xrL2wXR5Plja0su4RdnSVoewiMcubE1wtfSheRGQB7Cw0x5MaL8CpzzjkUyynXXkDqqM3YR3p3rgvaWXTd/ja4t88cbSDXhn7QQ4e40jaAaj1iExlJjJYiiZmhoqtrzX9WdU6NvLjB7VEBpnnx48rhOcD3ZG6339cSg2EOQppBVlQL+Gpgoq+aEfWtC3Hv4oUiwHmID1V+8KNR5LzjAfVKEFDNliYhA2YTKOfFoTN2q7IF7jsQiuGAc3RHIaSXBFOHHqRLBpuAyZSsNm7jm7cN4ZcbXckezYCPcd6uJEbVf4Dx5hgLWhzwEspkYSOJa1PIS1bQkMMtbC5gRaOx+sbROI1S0Csax5IMEUjMWt5Qb9DbBWtPCgHSoHFo9p42EYTMy1qoM3VnWke2TEONBxCg6vvmx+22fN8SQ4TzuAl8YdMKMlXph9GK8v24rfr5uFartGo0nwWLhImFO8267v8chRgsoyCnvvrnD06gLHI10JSO7j18OMjVf/ofuhHhhw8CtcyLqukVlIL8ywQERg6UVg5WvFKLAisLT834FKVhkmvon94MDicxpdgDJWdQr1xLkL4FeFWsq1oWkIVZNCaPVPcYsiPbS2gwGYhijHO9QxLe0P3MlKYrBqtRHrWBcPnesjqaYL7lepgcsOzrj41TggvhiLO6zDnGa7sKItGarpPoKK1lKukQCj21vZiqBq4ovlLYKwolUw5jb0wtwmBA+ZSeBaWs5YS8pNAFvU5gBmNdmGlR2OYDFBKpBNqL8KW6acRAqJd/+dXHw0biN+O9cD7ywNxMsLduD9tUuomWbBxWsogaRx7eXNCwSRaRjVCAdqK3cvC3R1/Xqa18HEVA6eBBdBWCeA2wJ7oYEXbUNXTDu1hN4+nYI+3fwEjES8dJaAZdqsTKu8wGUxly3gKyuPp60yTHwT+4GBZUU0igaRn4kUj304QgGuzufUOg0JEAp06qY4NxdEu7si3NUR0bUcEE/XKGDF1nZDomsdgo06i65SLJVEd5jIfWKrVcN5ustb06YC0blY1mU95rbYg8VtjmApXdniFgQWRbgE+ezGYjFfLGlM0DU8jNVtCTIuL2zmSWayXN7SljzOGNlJ4OKxts2uvwurWvphTWuB0gvj66/G9EHbcZ9Bw1USccNFh/D211vx4eID+O2ipai+fRbqeI+0Opzp7mwTsAQqiXZFhTINSXbzJ9hoApdYy4WuUwBz8+yOJhT0zTb1wtk8i7X0RRrKLAMs/Zqr3eJuunoqAOubgqsyTHwT++GBpV+a0M8thNyGV6f2OE7XFlPHDeHVCSi6wuhPaiLRkUCq54boOup4roVYjXWXWySYbv7hE4QTgOG16yCsmiMi1K/oXBsRLjVx1LU2wlatBiJzsab3DiygvprDgl/WJfixEJ/e+CDmNj+CdR0CsKLZYSxssANr2nrQvXliCadydwZY0ls0zZt11GsC2eJGdKt0oytaBpAJfQhYXzKZJ+bQNY7ruha3rubp8hiwIQhvDJ6Oaku3wGnXOoJmHBw9e5kuHLW42w2jcouPNRcBJiCpS0duUlpLJkA6+vBYWoOjA+G2tQvmnlmFOPIWecnkqzyBmnxMQKQoWyMayoGVX2rZNwFXZZj4JvbcgKUb/K9u8r9aLx9fos9DZucgdtESnG7aDLdcnBDlaA2PiSUTJdZ0wyOnurjv7Ih7NasScJ+UD5+pg3u1nKm3apshMnq5QiMhohkl3uS+Z+vXhXe7DsC5UIK2DHPabCKACCK6vaVdjmNWo73UUZ6mGWFBK4r1Vp5YSQ22ug11WMu9mN1oq3F1pnnhj4BVkcG8CMJgLGxEsDX1xZr2x7GYumxWk0NkxwOY2WYrRrecg0tBCXRSwAyPy3h/2FS4rFmE1oFTCZqeqBXQnWaNvzJdOEZvWdGhYTAylYDl7NXVuMV6/p8ZcDn79YEzxXzVQx3Q1P9ztNs2EKezr5nmh/zCPPOL/WqntoElk0tUp/U3BZWsMkx8E3sOwLLE4ONQ9qmb1XLFh3ji6y2KRiEFe1wUjrdpj2sU5jF0bVE1a5oOZllcTQpyWgxdpDqi5Rpl9nKkUxXE1P0Ud2p8ZHRYWIPG8KVL9Oo5hEyVh5KLpdgyzA9TyUTL2h/FPAJrLgG1vIMXZtTbVs5c0lJPu7tytipnrP/KFtEFypa2kFlNE4oajbU5hPntdmJU08UI2huBLAZtW09fRdsVE1BvR1/zcqrTsS6ofrQ9avq0Qd2gHqh5oC2cPbug3tF+ZlSDzWQVG0+fAM8S8+4EmRpQJ19YikdIYSBk/e60xv1ZAl35LVDlP/59R1MW30C8/3dWGWZkzxVY+XTuAlBFcD3tz21g6eFQpG6JNGQf2Y/jdRsgwtHdvDgRW0vjrawhyPfJSjIbaEZzUazfr6X5Wkht5IJYt2qIaeCCW/Xcsf+jWrjxxTQKdgaDx1OwuNcuzGixiwXuQ/d2ggWuhs4jpi1rUfO9/y1w/pRZIOL5WlUAlpojGDVKuxnQMppc2cOT4FqItdOPIJvgOhp7B912jEL9fdRMvh1R5UgzuB8nex1ph0bH+sM9oLcR6o4E1H8JLLOO83SjxkV69MDnxychmg+eo0E1BJYZk6XyYSU2oCrLewws4y3+GoGlh0UhgZWWhFMjv0AQBXs0Izq5v4ojRWNqi62cEVUpsBgJUqQLhCENmsDHuSFCxswDYspw3ysc8/usw+Smq7Ck/WFGf2Sqph6Y2+iAab9SU4NpmyJDVQaab2oW2/lgGUGlRlOB6QmwCDxeR0HDvI67MLnTWiyfcgjJqRT1qQkYtGcq6m7vhlanBsOJLFUnoBccPDqZiE/tV7U8OhpWqmhPGlAtq0P3qFfJ3L37oN3BwbhWeIfAyjbNDYXqSzSD+WzGyjOgspsf/mKAZbvCisDSvA0s2R8BS63st29iX6PGOF2DzONY10R9950pxh0crBdTHQQq9QVq3gKT7QoFuCTXBrhGHba/OsX75KVAVCkidt3Coh5rML7pUizpYLW0L2hJt6QmgTZkLhb44qaHnhlUtpm2ruY+NC4LWMYVlrNZS0/Ma34Aa3v4Y3GXAxjdZBnmDN2BeyGZCM1Ow/Ajs1Bvcze476cQ9+uH+sF60cLq5qnj38OwkgUqq23LapEnqGzGUtSoSNKrNxpt7wXP2CACi9Aq1MBLgacisCyNZQPreVhlmJF9L8CqaAKWDS5kZ6F4/yEcruWCEJeGiK7paoCl5oWQmtUQ5epiOpdl4U6M+AgusZkNrAgHV1wlqPxdGiN6yUbz4b+7e+9gdufVmNNyE9Z2YaG3OYj5zXZjPgX5inaeWM0CVwv7IkaCSwiyyoDyrYxAEkBXElQCluYNa5UDS6y1oq0f5jfejyUtGEUyQJjabBOm99yAqNtqeyrEnOOr0XRDX9Tb3xctzo40w2eqHmqFuhT2BjwEksBjTPPGFVqd1i4+FPW+veF2pCfqb+uGZec3mmaHtHz9fB/LkMAy+U1gWeCiKywviz8uxz/PnsaLbc8FWBXB9RhAFWjWXmc9jAUsRSvIzELs1Nk4TbEdV7cZYqq7WO7O1dkCVl0XA6hwusUwRnoVgaX9QqnH1Jiat3gdNVUmDi/djxEtp2FKm/VGPy1jdLa+UwAL8yAF9j5j8xvtxtLmHljRgetZ4JYrewYrB5ZAtaLFE+Fv6S8vzGlyEMvb+GIFddjyZt7Y2O64aWhd2HUH+jUahRPHz+JmRiimn1mL5vuHwuEgwRPcB47edIM+HcuBRXsMKoGtC5z8OxnTZ4/U1lWH7rDh7l4Y5zmT9Ssb6dSvKhPlv9FT5ZVZZVDRgzwpxz/PKsOM7JmBZVHtfw+sJ7WkHFSFtLQMXOs5ELcdGyLetRFia1rAinJxRJgDI0M3C1CyJ4xF4FFfab/bLm4417QFEJuEOO/jmNhrAqZ0X4kZbXdgvvtubG0TbFzfohYHsLDFXixutZ+F7IF1XYKwsutx09TwrMASOwlcywiqp4Flzt3GC3Mb7+N6L2zuegob2gdjTWdvzO6yEYtHrsdnHXvjxM3jOF1yB232DYProd7GHeozRvWCLMayWuatLh6Zo38X8wq+TPu5UejXD+iLRvt6Y/D+cYjFQ0JLzPTHwJLZ5WObXUZ/rlWGGdl3CiwbXFr+T8DSSNGUDJxr3gERtevRDdbBfYc65lUutU2pH1CdzBZjWWY0lkQ7TfO3XV1x1KUOUhcsAULiNFAUWReAvWPPY4rDRmxrdxIr2nhjaTvLJRpjwc9vegCzmx7GXAOM/wyWb2oWeCzXJ9YSuAyoGBnawDJukdec1/ggFjbhPq28saTzQQSsuobsBH1NINmMUFh0azua7htEEd7XiPhqe1vAxatTOai6m05pG1zSYLUCu5j3DsVYDoc7oMnxAWhAYPXf9xVCCK0cKM+fAEt5brHWE1BZ5fFsVhlmZM8+5r0CsIyV37ANLI0WVdeCgKVPFRltxeMYD6P43CUcdahHFnI33TFRNax3BAUqNXrq9XmBTEwli6ZYt5ofLGCFksmuuDjjfJNW8G7RDZcnU2c9AlYPOWIisRV0QWITu7A1VeRmhryUA+NpsHwbqwgs6zqcN6DSOqsxdQHBtri1N6d0jRTyyzr64KtmKxByMglXw8Lx1Z45GHp0Olr7fglXz75w9CJoPDrA1bsz3R41FIFlmhxMv2JvI9Jltoh39+fUuyutG5p59ke7zQNwIuMqqLCsysx8/osF1h+Bq/yGbWBpH/W228AyP0erUaU8puDYGQQ7uJk+P7GVxlsJWPpaX6RDLU5rm1Z4gUuR4dPACuf6u9we4t4A591b497oxcADYMWQPZjRahuWtLcK3i50gUFtTWoasDqWKwfMt7GKwNLUjgjVaLqEJkAtbu1rpgtaeWJx5yMY3WIxrp+NxumYm2i18XM08f6czFM+PiuAQCGQGgX1QuPyl1WtYTQ2sD6DO4FlfZyN0aAfWYwCXv2Hjb37o/WWATiaeYUC/gmwVDamPP5SgWXAVX7DNrCs1731Jk65OxSw9OGPwlJk+QYSWK6m7y/W0RUR0k7lwNLgvRiCRsCSCVQ2sKSzBKwospp5mcLFBdcc6yN66FTTMLpsyGZMbb0RCzuwkM0QF7oqgYmmwrbAJeaSC6scMN/YykH1BFjl0WDLQEaBgQwieN1W/mYqxlrSScBaiGvnInDi/hXUWU1359kdtclUahCtS2BJrNfT97DIRGIr86KF3t4xzQ0WW9njtdwMm3U24Grk0xfNt/aDf+ZFAqvAtGX9EbBMRbfKyCo/C2jPYk8DyrbvHFjmWwJlZRZjlepTOwSVxrfnFePBvsMIliB3dDAjQwUsNXaat5xN63sFYBFIAlbFBlMBK87xU8Q61zIjTCMGfgVEl2DpoLWY3mo9FnY8jPnlY6csYKn7hYUscEkTmQbSSsDyLUznkVnAKm+7IpCWtDhqTIBaxmsubqYOam+6Qi+MIbCun7uHE3GXUG+jGjnL3yX062EaRp09CRQPivOD7Z4Aq8JbPE/WdTPs5uzL/QlKAavRls/gnX4OGQSWRjo8YS2rvGyvYi3/hQNLYzg0olE/MPQYWLnFiNm6i8CqbQCkt5o1rsqwl0NFYNUqd4UWsKJru5qplvWyaozrp7jnWh1natXE7QGjCKxirBi4HrNbbDSjEwQssYgNLBW6umAEBBPBVQKWb2P/CVg8t8C7tPlRWiABRWaUYG9Ktmzubfoov2q+GDfPRuFk7DU02sAo0FufKupluTr/PsatqeFTU0tjPTF1VMv0kTbrQ20U8ASWq39XNPDtgwZbesEj7TTSkcssVt+gJeINoMrNKjfajxlY+vkNmQ2u/wQsPpTAlVOQ/8fAyi/FvTUbEOxUk66vpgGWXpvX961kNrAinCxgSbxbrfCu5VMbWJ8gzK06TnH/25+TsWKosT7fjDnNt7JAbc1juTyBS4VugFUOiqeB8m2tIrC0bHVK+5uRqMuak6maHzb3sawp92vuiZXUfeOaLcXNM9EE1g002dgPDfw+Ny9LOHv3Ml/5M8wV2NtEh1ZUWA6wcjDZbVgufp0MqIwFdEV9vz5w39wNB1OPQ5+R1Jh3a4hMecT+FLCMoOf06TL9NlYZqGTfObDMoH0+VFZergGWiQqlsfJKcXfFGgtYztUJLOoqAiueoJIJWBLv4XRzEulWOxbdZQVgRTnWwH3Xambs1YXqzgjrP9E0OSwfugezm+8wYLLFtQUAgcES1QZozxNYZtnScEta+GNFMxrd4JLmB7BML3E0O0BgH64ArFiciL2JRls/R72gwXD260uwkK0C+xitZT5ka775/oS15Poss5jKMJdPJ+ovusLAbgZYdTd1xf7kYNNIKmDllj0Blg0uU24/dmDZrvCJO7TXl1tBIUqLS8xLE4+BpTYsaqyQJStx3JFsRbtPYOnVLhtY1ggHi7EELKvJwereMezFbRr0d5+ginR1wKXqjBI//xpIBJYO30vG2m1cjylwsYkBl4Bg2xOwWW5SoCgHommaeHKMDSIbPPb+T86jcygoEGh1nied0gLW8lYHzXRJy4MElg/GNV1hgHX8/k24bSKQAgaYD4IIWPr0tiJBAUpvQdvAEqD0ITbrY2zWOrNPObDc/HvQFfZFnY3dsO/RMaQgy7wCZjOWzVZPgGW1J/5ogSUw6SNfeuVIJhBZVmZMbzgXFfAGuE3tWRZj5QE5+bizcKlxYfG16QIdqKMILHXXxFFj3a9JYU7NJebS8Bn7c0WmfYuA0hvQskiHmggjsC5wXdjQ0QZYi4dtx5wW27GilYSzL6Myb8tae9IOl5saK7ksADT3Mwyj+YVtDmB+uz0El8a2e2BNO4vdVnXSCxa+WNiE8xqCzGP0Qqt5VYwAXtk8mKx01IxmmNd8H90tXSCF/HJe32re8MCyNp5Y0dof4xqtxu1zsQi6fwnu2/sSWP3gSNfn6NPDaCszzl3dOBTm0k5yc040h0BGjzSnAHVO6/ORveAeSHcpneWln0fpj0bb+2N34lHCSj/mnmskrn60Xb/6ocqfn2t9pA0oNm9FPQ8BX5k9F2AVFOpXUPONmW+0VwCWARf3MW9HaxSjgFVIYOUVIGzZCpyqaTGUwKTvtasvUOLdApYjYmtKyDs9/kSkQCUwWYAjmxFooa5OOOdYDaFfDLeA9cVWzGppActmF7GIxUbWSxACjc1Ihl2ohwyw2u77I2DpJYk1Hfwxn/poRoP9WCzB3+oQZjbYivEua7CmVwBWdKKmIqgWNw7AIrq7xW0PYlFbS8wvp1sUcA0LtrWA9XUFYNXd1sd8acaJ0aDextELFO5qz+K86WQuF+pyf2ppN4yloTLen5m2LDVPmF+2ONID9Y/0R8NtA7ArIYjSnQDSt10LipCbQ3ZitoNy1/xmEcugpJRRY75+8uRHCiwl1QoNLJO2kp6SYBdL6VsMehgxmnm9vkBDOSjc9asTufkIXUZXWMvFjMFSNBjJyE7uTc0NAo2aGCJr60UJF0SrH5Hg0ugHo784fQIsB5x1qoa7AlaSxViPgVXuviSqTVOAxHx5E4Rc2x93GpcDj2a7Sr0eZm9Xq/mc1tuw8rM9OLnmFm7sScDivvuxsKuHafxc2Iyut4WnYUKZNc91BLDG2+vbD8t5D183WklgxSE49grqbSlvn6KmMmOyvLoatnKivjJRH0GjzmhHP1ln6i/rTR0XCn2Nw6qrSFFdP4e7o+Ghfmi4hYxFYOln6EoILMtrsIDMSysCltVNpx8vf57DZ562Zxfvumcykt4P1A8CFDDikzAUoNTMIPo1P7bEHfXpbf0iqPmSBRkrfOUaHNULE45uVh8hXZuAZUQ7AaNRDeHcboFLoLKAJeaq6B4FLMNYw758yhVajaBGOwlYjAatBkxpqT8G1vw2R2iWxrKYzDJt01iuDT1OmsbNiS2W4dzmO0AmHy8WGN92Baa13U6Ws7pu5BYXN+U5mx2hG6Sr5fkXUmMtoIBf1PawuaevG6zArbP3DbAabqPb0+gEspDGtZu3ctROJQDR/ZlRo75WBGiAJm2lUQ7lw2g0Zsuwm0cPNDo8EI23DcQeukIxln5VzfzSvd4Dk6lMrHpvSRMSQWVl+jzsmYGln5LVp4jMD1rSBCz9UGNBHmsDa0cetVQeQaR95QoNsDgVY91euhxBZCvz8qmTE+7Rxandynxim6JdoxruEXD6BQqByHKDBJy0Vrlp/T0XJ1zUh2wFrARg2VAWdPNtWK2CbUHGkXtq4UuA0MggpmuFbCJGsRlN32eYp5EQAlw5uGQacbqwmcVYY9xWYcMoD9MfWXofmDtwI8a3XI0ZrXaa9jKNZDDnbEI91UwjVPWS6wEzqkKv90vbGWA1XGaAdTTmMoHQi6xjjVt38RbA9KqXWtXJRIz06nEqc6ML1LIAqPFX9Wia6h1D8yrYkd5o6DEYjXcMxu6HJ4zGkoaio7AARcai92NFpxJhRbe+S1Z5mT4Pe2ZgiY30UQq9IvlYvMuPi3Jp5gW38kR5b30ERMDKycPtRUtxVKAhsMJcXBDCaM8MkyFQQpydEOpMxnoMqppksZq4y+jxNrfddub+PE7As4EVPpTAigeWD9mOuS22UGRLJ+1mwe41IwxsUC0gC0lcmzejDbC8CCoadZFegLBeSiVQxGhGn3mZt3pW9PZAwinqwzTgwOLjaFdlGBZ0PYAFPG4uz6cOZ7k+gUeA0qv7i9rswYI2uwlc6jZqu2UE19hGy3DjnAUsMZZYqr7PZ6jjQcB4MbLzsUBmmMwYRTxZTMv1vPuggVcfM3XXT6HQpK/qHuiDJgeHEKhDDLAypbE0sI+VnvXd+rk+fdyO81qXzfzPLa/w34U9F40l9Ofk5RpXqPBVoku+vTC/yDBWdja35eYiI0tfTc55LN5j1q7HCWkmRxfccXXHVZe6uOFaD7dc6+OWs7sZyCf3JyEf5VCdyzVxzc0FF+vUodXHNR4jcIW6cp1DDUQMGWnasZYN3Yo5LTdgWbu9LPQtmNduGwt3L+axUOe1OUjbTxDtMqbCViQ4j4J9bnsCoN1OAwa5QYl6RX+r2zP64/Fzu2zDnP5r0K/Bl2j3yWBMarseiztaL7XqAyILyYrSUMsJNJ1nVttNmNN+G2a3225sHs+/oN1+fNl0Ea5QvAfEXoXb5q6mr7Dhwb5ouOczNN5HnXSgP+oc7E3A9EJt6iiZfsmi7uFe3K59PoP7oV5w47Kmdff0RMPtfdB852A02TAYu+KOGWDpFz8e12vO6KPUmkq+qMxEBpWV6fOwZwaWqFY3aYR7+QMU5OQi5PZdBAUcRaB/EAICgswve548fQK3bt1AclwMNUo2olavNcAKdXHDiUZN4Nm4ObyatYJv09YIbNgMF9wb0T1S2FOsi7FuUEsda+gOz2ZNcLhZS/g25j513XHLzY0aiy5yyGjDWEuGbaHuWYsFnbZhZke6qk6rWbBbMbvtTsyhzWy/FTM6rsG0zisxq/M6zOiyDtO6rcS07ssxq8tKzOuwybzhLH2kMVzTmm7A2KYLMP/zDVg9kS52Itlw3F5M67Ge7EON1Wyb+SzS4rZeWNzmMOa22W6uObXrCtoqTOE5p3Zejeldea2uGzG41XRcuBgB39hLcN7QCa4HuqI1o7n2a/uj48bPzdCXplv7ot7uvqhN4Mjc9/ZCc4Kn46b+aE9ruIustYdA29EbzTf2QZs1fdFx/RC0XD4Iu6OCCSxW5rxM8433+PhEnD17Hh4envD29sXp06cRei8M6ZkZlZbp87BnBlYOKVUvRyoqFLDi78fB39sHly9eQcojfdFMaKNvLykxL1JeunQBJwN8jSu8Mm8BLjYmoKp+gruLF1pfmkl+SP2VDVy8gPXudXGlTj3cr+Nufp/waK1qODlsEPCA6NG3s+JjcKiuG864OOIUBX+IGIsaa94XG/Bli/nIvs4L61fs6LqOrw7BMPc5GN1oIc5vjbbWyzJodA/5qQUoSmOV5vL2yYcxodFyLOm6FyMazcDswSsQdoFUSLLVt0vsCKsgBQg9logFn2/GiAbzMb/rTjLfZmwb5Wnuo5SPYt5UlTErdB8ZkcUI8DiLzXt2wzMi2HqRYksXbLiyA8kUbw8Y1j7g3Pqru+Eyqx1aeo1Ec8/haLK8G07lnDPb4xihdN/1BRqs7oZuGwYhBDH8l4j7PK7nki/hGX7KiPfMVIpB5v+1a9fMT87o9wvlVR4mP4Cfnw+SmdcqQzvZH8XTGDq7ofPp8n7a7P2etufiCk0jHKPCh8mPcDz4GBJi7xMbvEmBqhxY2ldKLDQ0BJfJXEZjrVwFL1dX7Hd1RtrZ09qL5UYKlA5LTsLW3j3hW1vDk+sg0q0O/CjcvUeOICBUSizd1AfY1rAeTrg54zi1WchgMhYLdC6BNbTNTKQweGPcDRCnQeuvYEiDqfiyySyc2RFi1pepnbD8/vRrDQKL9t02/SBGN5iHia2WY9usQ8h/wHuyRXAuK4kAyeP0+fCspHzcORmFJSO3YlSzOZjceinWjthpzmPOJyDy1AXJ5cfx0ShDEZ+ehOFrv0bDLb3gurID9l88yE051KnZyCpKxt3MUPRfNwouK3uhm89EdFj4Ga48uowCIj+V8Oq/YzSaLOqKASuHE1JJrCP6JEgG+s8dCb+7Z3guBlM5mSgmkE6dOGm+q6+KrchczT6hYbdx/oLynDlZVP55zny1M1pgsT/n+d/Z04Cy7ZmBpahQZaNW9eDjxxAdGWUhjX+KDAP8AhEcfJxUfBYXLp3H0aOBuHHhrIkKry5fhnXVqsKzYzsCLQN5vKGo+wnISWepUGBeXLQEO/9QFddqOplfAfOr7QTPL8lKOdyua6SkYkujBgiu40pgOT8G1uzh6zC43TQ8vEskqHAJIv9NZzG48dcY0WwKTu6+Ztar4TY1JQc+h4Nx8eg1XPcPwS2vSKwevhufO02li1yL3CjuKIYiGMKuxGLnwsNYOXErjh48g7RE3ocentsu+odhZIdZGNNsPtaO2mPAZIBI8HrtCMKuVV64ciwE+Tlk+aIC4rME60/vhfvGXnBa1h77L5DldFMlhSiiNmLxY+uFg3CY3gm9D01Bh3n9cfXRDR5VQAClYeD2r9BoXhcMWTSSEWA61+u3C7MxcOZIBIac4zLPVVaMhwnxzP8g3map+ThbSKhqGyP0/GwcPGD9ro6+8WBG+nJqs5ZAJsBVVuYVrTJQyZ4ZWGpKUHTxKCUZx04cNxmtdiw1jnp6eBlgnThxyvxsr4B1/vxZPIiJNOL94ipqnE8/woWpX7Pw8pCenYXNq9YjNYKxPCPLgrPnsLl6bZyq7ojo+o3g7+CMwyMY+RGUKOKFUtMIrIYEVh2cdHLG3UFfGfE+1wBrCh6EEREqXE4CNp/C4CbjMLyFgHXFrJcuDPA5jQa122JI2/Ho6jgIA93HGVbr5/g1gtZyP7k/guNhZDZG956BzjWG4XP3SejuPAxeW45Zz8tdirOARWM3YUCdCVj71T4D5rwc0hWnn7Uagu4NB6OlazecPnGexSp4EOzRF+G0ohPqrOqKrScPcA3Pk1dkfq1DjBNdkIAeq8eg/aphaDf9M1xPCeGxBCaP7rd5DBrN7oKhC0cTUKRRrtNP8w2cPgpBd3UNC1jXrl7GzZvXeb5SRFM6rFy9TFdRIcGf7vBBYpIBgoAkcGmqZIOtsjKvaE8Dyrbn4grVjnX2/Dnciwi3cplsIo11+KCHWTYhL/dVO1ZOThZKc1kKAtbGDfjatSZSAg6xpuYY6v6ybSdkXLlBYLHmpD3A4Y4d4OPghNByYB0aMZwXZEaq6yg1la6wAY7RTZ4isO5p2AwxOe+LdRjabhIehvEcAhZ3DdhyAkMbEzTNp+LUnquGZRS5BntdRpNavfBV54XGVY5uShfYfjmm9lqJ7Hs8Vgjg5by3nEZvt68wocVaLO3ugS8cF2JchyXIelhkNKbOd2hjMLrWGo6lI7YZMCu817XH9Z+GAc1GoyfBdWS3B+OWDGTRJR2NuYhai1rDfW03rAnabbxmAd1raGgoXZbgkoedFw8bULWZ2BtX0++Rkwrp9orQc9NINJzfDYMXjeF+ukm6Pvr2gTPGICDsomCGIp4jMNCfIj2NSyW4eusaJk+dZJp8SkuKEHEvHOfO0HswCUQ2Q9lfwv5BGUtJLbmBR4OQmk51KmDRBKp4ujXNK7yVD5d/N32F6tIhsI6tWY2ZXdpSjMt95qD4YQKGMQpM8PCmyqUoKcjE7YXzcdC9Pq7VrY8AZ1d4DBewCBgZXeGOBg2osergtOMTYM0ftg7D2k5Ccmg5sMRYBNaQJhMwvPl0nNpN4JYDKyEsHVsWe8F77Tn4rrxkPnb7JfeZNXgNSBjm2DJqo1mDV+HLxguxsd9RrOoUgJUdAzHEZRZCLkSa2q2muctBYejj+hWj0q3mOFOpMkoxfshM9Kg/BLNGLEFmUoYpWOXcjJ1L4LSkDdxWdcTq4D0GHsrLbdu24V50GMkuF7H59zF21QR0mNgHF5NDCKpCOsIidN30JRot7IFBS8YZBhML6YXUQbPGIijiCo8twoOH8QgKCuBtqAWxFMfPnsTWXduQ9PABH76MjJoLHx+fx1+0VnnaoNLyDw6srOxcnDl3lrcuFPGPrlDNDHKHascyTRKsEfrBy4qd0N7LlmKT3GAhS46165bXEUyk6wsaM46RFB++KBOl585gb/NWOO3kjkBndxz5guJdoFKfIwWpGOuEm6thrDC5QsNYFO9krD8C1tbTdIWTMbzlHDIWxTtvXY25AlixIkO5PJ4y/XohxnachqWjN1oRox6Rtzy9z1IMrDEZqzt5YX7DA1jVNhDD3ebhpOd588z6vsm9Cw/R13kM1o+hKxT9MAkoGkyQEkPwKebg9TTYMTYhESOWToD7mo5wW9kO284eNodIOk6fOQPrd25EenEq12Xj6DVf9JnSH6djL/EWiyne881HRRou7YEhywQsMWYh1UMuvpg7AceiriGjKAt3bl/HLbpBZYLGwx1k/p6/fAnnzl/UrREAZdS8R83PKlvLVhRou8AfFFhZWSoRGOGuJgdTS/Py4ePli5wsMhMzVg9gfyZaK3IzmMMZmTi0ahU8t2zgDgRAQTbWfT0OX9WshakEiz4bWZrHeD4tBVs7dEVA7UYIdGoCbw2NUec2dYi2bWvQkK6wHo4518WdweONxpr/xRoCa4IFLN6SwOG39Sw+b0pgtZhPYIWadabDXKUpdtGUuz+6kIf+biMwa8BSC2ySL9ToS77YhCktlmN9dy8sbnYQ23ufxVDnuTjldck8s8o29EwC2nzQBzsme5oIUKvz6HIKy8Ety83IMyyxZsN6bKGuarShF+qs7oL91/zNLSgImjpnKjp80Q36sQFJ9Vwk44tpQ3D67mnj4uLKktFn91g0WtILXyybgCz9fK/GXlH0j5o3CWejbuBRTgrOnjuJB0kJDLCyERUTjQ1bNuN2yB0cOHjYeBH1mkj7Xr8u8PF+ubKikP9BgaUbUCOcv7//k98hZPLw8EBysj5Qzcws//Em3bBuXuAq4DGHd+9E6iMiQdWdGXPB5wg8167EAQrM6Ihb3I8lzW1hO/dhT5WmCHbqAq/+Y0iRqqEsJWba7ibtEOTSDEfrtcLN4dMNY60cSWBRjCeG8H7ESJx4bzqFgU0mYWjTOQjaetMCDQs87HoCxn++EKvH7ceKIfuwqOduLOi+FZM6L7banngp2frJu/FVi1lY0m0XZjXbasbTmwF7p2LMeQTAE/svoavDAGyYwmiLwJVrYr03hXkpmNdkfSjNKzOSYfvBnfAMO47Gmwag2tw22HTuAC/DPOJOi7cuRcNxHTDDfykhlcB1qTh62ouuLID7FBBw6fhsC8X7zK4YtXwqUvVjmBTj+kTRl5PH4mZ0KFKy0hB04ijBrQECeYi5H43DRw7B19cbp06dsoY3sShUJp6eikj5mOXNDSpTmdLT5f1N7ZmBZbQTb+7ixYuPf6Fe6ebNm+a3h4VeOwlcApnAJRCq6SE7R7qMJafOrCz6Hk3VW8oMLCIiiinqUy5cwX63bvB27o7AEdPIZixFfbqbkej2Nl2xw6ERtpLNTn0xFYgowKpRKzGm21RkxjLn5Mq4a/D2CxjcdCKGNaMr3HXXYije2nGPq2jnMAgjmyzBKLdlGOWwFOPqrcCoZvMRd5boE+bplc8evI4hzb/CqOazsGmEN6a2Xo+RzeehiHVHt686sHX2AXSqMRDzhq1SLMJyY3Rckovhw0agc8PePAeDBl5X/fDnb17EYp8NaLp5GOqtGYDN5w8Sm3nIKEjF7C3zUXdKRzRf2gt3ikPokRNZeRPp+RN5xgJqrBz0WTcSnZcOwpDZY7hEUPFhCgiioWNG4ErIDUTcj8KlG1e4VgJFyOe0XLRbA/3Ub2ixU3BwMB49esR1FrhUZgJWZeX9Te2ZgaUbEWDkpy9dumTmldQecvz4cdYQXwM6tf6eOHEC586dM79u//DhQ66nPlHJl/IYfTQqOZ3ujRFjWgZyHiaxZMr9R3oWgvpPxIpqLXHgyyk8OdeJsfKzMbtteyxr2hLLmrfBrqFjkHj8Lib1nYqh7b/Cgzv0RwKQ2GTbOQxwH4lB9Sbi9K475rSyO8fijOCe12UXlnU6bLpkFrbdgwktV+DQouOWzlI58FSLvl6Nz5qMMIHB0FZTcGY/w3/WC20vZPwhlvuy0Wys+HInStTaLnJm6t9jMNrW6o2Vo3dYDae8n+SUDIxdOwftd3yFJhuGYfPZQzwNAVKWh0W7V6DJwr5wndsJs7wX89LpPJVGftLlcR8NO/5y30y0WzAAIxZ8bQClj4BoOnrSONyKuIsrjADDosMNsCTdY2KizA81pKY8wiPmbX4e4SidynTnzh3jElXhzResmUQYSpWV+TexZwaWEC+E64b0Q5fqNqjoEuPj4/lQMYbBBDBZdHS0WVYrvBrqcpMfYuaQL9DDxR2j23TCsNbtMbxHD2Q+TKSYZakRrFcXb8LYT9yx7HOKd9amEh6H/CyUsWYiKZ5MdQ+lYZEUSaWYPHQ2Pms1zAKW8okFeW73RQxvYjU3XDhA8S5g5ZThdkA0etb+EvM6bsOKLoexrL2n6XAe03gRvmo/B1mR8hfcl/tnJBXgyok7OH7kAmJvUf/p3AIdwbdzpi+G1JuGya1WYcPoQ8Z9atRmbkY+vuz3FcZ2mo0ZPVcim5fWNtWljd770GbZF6g3qxdWHNnMyxBY1Jsz1s9H81mfoe2KQWg2ui2uxot5CpCTnWaaIRKLUzB623S0mNgdw2eNM4DKZj5pOnHWVJy8dBZBJ4ORkplqQHXtxlWsWrUChw8fhJenB7wp4oPpLcRYKsOkpCQjZeRNbA+j9Xak+OfYMwNLSeBSioiI4M0fNqCxtynZ6FfSQ4i11BEqOhZjCUA7Fi3B/gVLcW77Xviv3YRV06bj5sVzrKksATLXozOXsWX0JBxZz2hNpcL1ZaaEpJIJMrVQii35N3EEgdV2GAoSuZsKngA4tf0URrQYgxFtJuHUviuGKGUhwVEY1ngCZnXegNlttmB2qx2Y32EPZnTcgDHtZmPh2LVIiaZLJjgNA/GW1XquKTWzAcmxfVcxqMkEjG2xkIBcgKWDthvXaF9jNNl2WIuJ+LzeePiuJUuXR5tpLNivNs/E7MMrcOCYJ1cVsWCLsG73RizyXY+Nl/Zinfda7DqyxTR+6iD9oLh01oyNs7HGdxOmL5/DZasrTD/FsGbTOvgfC8TxMycMW8kNBgT502NcYYXPREZ6KtLJXL4+XuUukc/B8pE7FAkoCWCyp8v629hzAZZQrhtREnC8vLwQEBBggCYGS09Px4MHDxAZGWnc444dO3Dw4EHExcXiXngIAv08EXfjBguJqMhiieQxyI6Lw5EDexB5Pxz3YyNw7yzByGjm6umTiIwKRVRcBO5E3MbNyGu4G3kDd+9ewf3Iewi9GYXRQ6ehc/N+OHroLJLCEhFxMRRb527HwObDMLDVKGxbvB93b4YiNiIG25fuRt9GwzG+/VyMa70Yk1qtwcxOG00j6fBWU9GkejsM+2wU9u46jIjIWLrxdMPOmalpuHX5FqaNmYcWjl3RzXUwRrWcjgntF2H+4HW4fZL3fDMWodcjMaj7CAxuPRYDm47D2J6zcMH/Nu5ci0R0QgJ2BOzDzaQQHLtwAmHhocyzezgccARxJQ+prPRbqtk4eSYAV65dZP6FI5YuLST0FvZ470JGWSr2eO3HTebhvbgoXL5zHZ7+3jh98SwCjwfhHl3hrTs34eXjyTJQJFJK1mNF5PT8uTM4d/a00cUql8DAQEMISgrGKrZt/Tn2zMCyNZV+e1BJy5q/ffu20VeKOLy9vQ2QNC+tpQdQb7u/vy9Onj6GEyePIiMxgcxCasngeXIJrsICXL98gbXNFwGBPjgTGIDzwUdx7dJ5+AV4I/BkILyP+eCg3yH4BHviaLAPTh0LxpmTVxDgcw4Hdwbi7LEb2LVpL/wO+iNw/zEEE2jHj1xGkOdZgt8HW7duRqBXEA5u8sLpQ9dx6cg93PRKRIjfI1w6GIELh+/ikj8LceNB7Nl5gLU8EOfPXsKZ42exZ9Mu7NmwC/4HgxGw/xTCzsTiivcd3PQLx9E9Z+C3LwiH9vC+fE8w+mVhe1/G5YDbOLjFG0e9T8PXKxD7Dx7AyXPHEfMgEqcun0PA8WAEHT+Go6eOGSGfWSqhlsdKGYMjfl5koqM4deY0K60frt28YNzjtZBrhqH8ggPMPpeuX0ZoZBiOnzyGoOBAHD0WhNB7dw0Tqg1RjCcBL611NCjARO8iAZWHiMAuQ5GFHSX+OfZcgJWSol/veuIStc5qVhBWcoyQF9hUE5R0nJIiD/W0l0qMlBXjUcJ9ViZuUyMql3Oy05GXy+M0moHLJmIk7edonFG+2qALuWRFXuq+0JDo7FS6DJ2eUiErg66ALkuHqkXDXi/dLyWh4N52b2abTi8XJlM90VSPpG3cR100aQ8zUJrNo7Ve+1geCqVyb/b+uhb310sMekPGnL/CefJz5cZ5uSIWXFGe0ZksbtPNk5nL/CpWjKfRIEUoyM14vD2PlpyexvylNuJx+vV67fcoI8U0N6TnZHDZamVXY7RemFD3kdyhQKVhMrqBbEXfnMrsCF1J5WaXqdY/izt8ZmA9q6nvUKaH1Bs8qk1ZmenmuwIGFaYRswhFeXS1pSXIy8qk5GLN4/7KtGKjt1SyQkwZynJYAGk8b4Y+RsKy1vt03CM1NZfgVosyd+UpNd47R7/gWqgfQ2cNZiSan1eC7AzuIADotARIAZdL8nki/hnMZ3NG5SDjbUv6aBTHw3iG67xQUa7um3+8uF6HE1D0eQFTgXgCXcvce14G1+mn4PJMdKZ7tF8slQtSnli/gSPWKCRwSgw29aqdKrLOxb0NiMx3RWkpacnm3Hr7xgaWjpUpPyuzysrk25iYrTL7wYElIAlUyhA15CkzNC+QpT58gNIcRirZFgUoMwtysslM1rL2M+vyc5GtfkphMJ3SlgDSfDrnUzNykZScZgqO5Y1sMkhhEUHHeTGGfR79uFF2AUNwAi4/nwWTXYDCHIKgkPdC7WfVYu4u0OkwSUqLQJl4MYFJbxUTDKnpj5CaZXX8qvjTctOQlp3CXSxQ6RkV/aVnppiKYn4ElMl0ZvM8+XzevKxsA7hHiUmG9fWlnnSTD2JcnpXgM/edl211auewwnHZNgHL7kL7HwksmVIWAaParV+x10sZJqmwCkjxySlmuzLXXq9WfZWzeTuILtiEyhpvr114eGqyXIC1r3mZQC/W8lxK2ZlZpgNWr//nZxXgQeJDozEuX71kwnnzqfDyZBoVeVKNHNDnrI27yOMFBCyeTr9qatDFVQKigK5zCKj6doKAJRPExK4aVSvG1HJmNisDGUj3nJVGPWUeiAWjBmBlS/mz6D4FLrGg3H1xOQBlup52KtBARU61bN4r4Hw+K9z/WGAp6UUM5ZP0g/kqDVlDbkQNqYq+tPH+g0TzgQv1zOvGtf/9+DgzNV8KJBil5VIZlSbFxum0SM/IQlpKJtJT6VbICpl0sYqKkhIZVrPASgUQ3sL9yHgsWbQY3j4ePB9dMRkmIyPNRK1yYdJieSVZSM9PQUZuuumSSU/hPRv8lfI6yUi6rxED1rKAJThmsbATeL8pGel4lM59eG9mH5p172QcBitFOfoxJcKP95iRRJeqbCFIH8UmojSfC3pIWi4Zq1gfVOHxhTwmNyOHFSjFsLtWPnyYZOb1nDa4/scCSyMjJKOiY+7j1dfewP4Dh8zAwfc/+AgpDO1nzZqD8V9PRPcB/fGrN15HtVq1sW//QUybPhPu9Rqgao3quB16FwkUpl16dkXLJg0xdcI4hITcxh+qfAwnB1csmb8UO7ZtR+1a1dCrZxesWb0cLRs3R7WPqmNAt0GIColFXec6mDlrqgGWh9cBODjUQvXq1bFg0ULDVorAJs8ej4+qv48O3TvA09fH3KfC+O3btuCtl3+DGxdvmuYCt7rOBgvtO3fB2HET0bBpM7i4u6JVq1Y4HnAaHVt3hatrHbRv39642Q7tOqJLly7mXM0aNURueibmz5yLuo51UUdvLd0OYXQciJdeedEw0vmz5/DKCy/j6oUraNakqWk2kC51dXFCn949DaBkkgiVgamiVVYm38YqA5XsBwdWHvWMCmHV6rVwdnZF//4DkZGZjZdfec0I6h49emHipClISEvFH2rWwLr1G3Hx4mW88cZbBE8o+hFwQ0cMx4SZ0+Bazw0JMZGICb9r2np+887b2Lp5B66cv4qWLZqhZasmuHT5tBlesmfXXrz3mw+R8agAB3cfQe2atVCjZlUkpyXBta4jNm/ejKioGLz88qu4czeEwCrCkC/7o6rDR1i6dpH52jGdoinATu3ao9YntQjgxbh64yJefO0F80xudRpg44YdiIy6j1++9AtERIVj2cIVqOtQH7HR8ahZszaWLV2Fvn3749VXX8XOndvRsEE9nD19Bq++/BpiuM/Ir8ajQ7du8PT3xd/90//Bnj278PW48fjXf/43M5jyk4+r4LiaIU4eh7OTgwFXYkIco9Es07RQGZgqWmVl8m2sMlDJfnBgaUiNUr269THiiy9RtcqnrJEX8Okn1Ujzafhq9FiMHjnGFJSrW13s37UPp4NPosoHH5uKuW7NWnTt2hU9+vbBtNnTTVfPJx++h+Djgaha81NMnjQdQQHH8OBREsZOHIMXXv8FLlw9h7PnLqFGdWdzjvoNmqJz1054+7dvwDvQA876FsRZa5zVyy+9gevXbpNVCzBuwki41q+NectmIiohyri7SDKUu6sbBvcbgKZNGuD4OV98XPM944YdHerC83AgmTcTnzpWIQzz0KNbdwzqN9hct3XLdpg6bRb69B/ACtUX1atVQetWzbBlyyZ88OEfqNNKsIZM26BVS2zcvhn1GtRhBWmCrl06waGWI86dOQ/H2g44feoERo/6Ep06tkfVTz7G4kULmFuUBrnZlYKpolVWJt/GKgOV7AcHll5mvXTpCt777e8xeeIUvPbiq5gxbSaq/OET1swJrJFVsXH9JgO+X/zHL3FwzwE8jEvCb157yzCEE13jtGnTcPCIB15/8zUsWzQfr770S5w6cxy/fvVFTJkyzbxP5+F5GCvWLsPr776GvYf24MbN2/jdex/h5q1QvPDyKxg7/ivUdKqOjl3aYtCQAejUqQsGDxqO2jWckfxQPc2lGDJ0AD6p9gFmL5yOyPhI8yPpC+cvwEe/fx9jR43E//3ZP2PWwol4/bcvYerU6Xj9lXdw8th5pFHj/ePP/g9ZLs68dvXum+9g5ZJVeP3Vt3Dq3EXjMg8e3I9uXTvi5z/7d9y5cwvvffgRJs6aiapOzpi/cgUmTZ+MYV8Mwgfvv4cpkyeiTZt2WLlyNVy4fcP6tahZoxpGjRyBOm4uaNyogbnftNTkSsFU0Sork29jlYFK9hx+8uTZTJHOmTNncOHCBdNQ5+fja1qD7927h+HDh2PFihUm6lNj6qFDh4ybEJPcuXUbo74cieVLl1F3qO2mGLt378ZXY0YZzXPjxjWsWLUSI0aMwPbt27F161aM+3os1m1YS/GdYtqCduzYZdzp+o0bDHCv37yGjRvX49GjB5g3bx4mTJhEwa1376zA4MSJYwTMZEyY9DWOnQg2LKp7vXj+AjIY1e3fvxdHjwXg3IXTGDp0KA5QLyrJpe4/uI+BR7yJKo8c9jDs7O8faM6xaYvcbpTpslmzZo0JWqJjYzD6qzHYsWevCWqksTR+Xa3k2nffvn24cuUKXeMeM92yZYtpKdeokSVLlphzKG8ry/NvY5Vh4pvYDw4sFZiAYbfKK2lZyQ6xlQQu7WsngVAZaSdtM+E497PPpUJU0nNovaZ2sjNdqeJ6u89TyT7e3rfifkq6T72vZyddw066d22379keOGcnbdf5tY/Mfk57Px1n99nZSftUvD/7/nWeivem9fa9aP5ZTOf9c+wHB5YyUqbMtZcrZpQy0t5H25VskCmjlfla1n4yLavQlHSMtlU8p72v3clqP6OOsa+pqd3NoW06Vsdp3j7Gvgct6/ya13qdxy58zes62lfJvl8bLDqfurp0DrsyaF7rdE4l+5xKOo+26950Lt2XzL6+zqtl7aNza1nTZzFd/8+xHxxYSpoqM5RxyiTN22Cwl5V0P1q2C9met5Pm7UJT0ry9j8zOdDupcCpeW1O7sHQt+3jN2wUp0KigNW8ngcI+t86nfe1rKmm91tlA1LTidh2jeV1L17TvQ+vsZRs4Oo/2E/g0b+9r3499nYrnfhazcfBt7UfBWMoUm0WUlDnaZmdWxULQPWlfHadMVdKyMlPblHSs1mmqpGO1XefTPprqWrKKBaBtOq+9zi5omebt8yvZ19C5NG/fu5L21TPIdC4dJxMYlCpu07H2c2iIkX0enUNJx9n7Ktnb7ftVssFV8R41tfPgWUzn+XPsBwfW0xmijLPdkJhA27SfMs8uADsp47S/vV5T7atCsAtG2+3j7evZy0piH9vVaJuStj+t4ZR0j1pnM4KWVeg6l72vrivhrG2a1zb7Xuxral/7XEqa1zV1Xu2j+9BUZt+z9rHzStdU0v7KAy1L69nb7Of4Hw0sO2OUiZpqXUV20bK2qSBVEFpW0r72cUrK1IoZq31tRtC8ndlaFmB1XSVN7QKsyAo6j5LWV8wLnUdTe7uSrmvvY1/XThWXdZyeTfsp2fegpHmb0bS/zqmprifTvCpAxfuwz6V9tax70jbtV/G5nsXs5/q29oMDS9dQBsjsArLnlTSvpIxVIekYbdO8kpaVlJn2MfZ5lezjlTRvr1eyr2UnXUPLdgHqfFrW+VRwWmcDSvN2oSvZ96T9tc4+l/a3mcU+h32czqv9bIDZFUpmg0TJ3s+et5PmtZ/OKdP1ZPayfY5nMftc39b+W2D92K2yzKholR3zPK2yaz5Pq+yaFa2yYypaZcd8H/YTsJ7RKrvm87TKrlnRKjumolV2zPdhPwHrGa2yaz5Pq+yaFa2yYypaZcd8H/YTsJ7RKrvm87TKrlnRKjumolV2zPdhPwHrGa2yaz5Pq+yaFa2yYypaZcd8H/YTsJ7RKrvm87TKrlnRKjumolV2zPdhPwHrGa2yaz5Pq+yaFa2yYypaZcd8H/YTsJ7RKrvm87TKrlnRKjumolV2zPdhf/HA+sl+nPYTsH6y78R+AtZP9p3YT8D6yb4T+wlYP9l3Yj8B6yf7DqwE/x9r/2Hg9yfsgAAAAABJRU5ErkJggg==','2026-05-31 00:44:57'),('logo_historico','[\"data:image/webp;base64,UklGRpQtAABXRUJQVlA4WAoAAAA4AAAA/wEA/wEASUNDUOABAAAAAAHgbGNtcwQgAABtbnRyUkdCIFhZWiAH4gADABQACQAOAB1hY3NwTVNGVAAAAABzYXdzY3RybAAAAAAAAAAAAAAAAAAA9tYAAQAAAADTLWhhbmR56b9WWj4BtoMjhVVG90+qAAAAAAAAAAAAAAAAAAAAAAAAAAAAAAAAAAAAAAAAAApkZXNjAAAA/AAAACRjcHJ0AAABIAAAACJ3dHB0AAABRAAAABRjaGFkAAABWAAAACxyWFlaAAABhAAAABRnWFlaAAABmAAAABRiWFlaAAABrAAAABRyVFJDAAABwAAAACBnVFJDAAABwAAAACBiVFJDAAABwAAAACBtbHVjAAAAAAAAAAEAAAAMZW5VUwAAAAgAAAAcAHMAUgBHAEJtbHVjAAAAAAAAAAEAAAAMZW5VUwAAAAYAAAAcAEMAQwAwAABYWVogAAAAAAAA9tYAAQAAAADTLXNmMzIAAAAAAAEMPwAABd3///MmAAAHkAAA/ZL///uh///9ogAAA9wAAMBxWFlaIAAAAAAAAG+gAAA48gAAA49YWVogAAAAAAAAYpYAALeJAAAY2lhZWiAAAAAAAAAkoAAAD4UAALbEcGFyYQAAAAAAAwAAAAJmaQAA8qcAAA1ZAAAT0AAACltBTFBIVQYAAAHwhW2TIVvbtp0Rcdm2bdu2fV23bdvGZdu2bdu2bV/XuEZH5rlelTm3iqWMiAlA83/zf/N/83/zf/N/83/zf/N/UdVMB3kznTBQwYAvNgGgwCLfPez8iwf4C47+6TKASu0Uq1z8BQd7v3FjqNRN8M9M+mBP8pgpIFXTk5icA747r5sKUi/F/hznwD/Oc1FvxVZMHPxH/CGsVsCdEZD54vSQOhk2YWYAOr8Nq9X+9AhIvAhaJ8HtTBGQ+dxkqPTEzzDHwPvzQOo01UsxQH66UK2mjoOFm/+a/5r/mv+a/5r/mv+a/5r/mv+a/5r/mv+a/5r/mv+a/5r/mv+a/5r/mv+a/5r/mv+a/5r/JkAmeTYGMj+Yt1KCu5hi4IUpUGfFofQISLwCUifDVkwR4PwxrE7ARA8yDX+Zb8wGqZRhV/rwN+JvYai14HiOD30jXq2o+WSX0NOQl0a8byZIxQSTHkGSeZjLZOYF00NQczFsdO0XHOzTvXsIBFVXwJb+1VXPvf7mAP/6Czf9fh5A66ZY87wP0mfvf/jpZ0P8h+9/9Mnd35gYUjHB/zj0Z147K6Ragv3onoe9NOLd06DWiq3omYP/OA+DVgq4gYkR+PmikCoplhhjCI74c1iVDFvSQ8B5JLRSvwiCxKshVQJuZgoBcmxxaIUUKzEKnX+HVciwDz0IMh+dDDWe4jnmIGDmVtDqGLZjYhQ6z6yQ4pxAyPx4XkhlBAt8xEB0/gJWGcOv6YGQeDeqq/cwBQLJNaFVUazDWHQeBquK4Qh6KGS+NgOkIoLpX2MOBSZ+A1YRw5eYGA1Xo6aCy8KB9OWh1VAsNsZwdO4Jq4bhr/RwyHx+KtRz0oeZwoGJO8IqodiUmfHovABajZPoAUF+tiCkCoLZ32OOCOfvYFUwfI/OiEy8X1BFwY1MIcHMDaAVUCyXGJTO46pg+D89KDLfngNSPkz5NHNQ0PlDWPEM2zEzKhNvQfkVZ9PDguRq0MIJ5v+YOS6cB8EKZ/gVnXGZ+fK0KP5dTIHBxN1hRVOswdhMvAxSNMPB9NAgxxaDFkwwzUvMseH8G6xghj2YGJuZj02GggsuCQ9mbgUtlmDxzxmeztMLZvgLPTwyP5oPUipM/AhTeND5K1ihFBsxMz4T70GpDcfTA4Tk2tAiCWZ+izlCnEfAimT4FhMjNPP1GSAlElwbJEz8OqxAiuVGDNLEayAFMvyPHiTkaHloeTDlU8xR4twTVhzFtkyM0sxnp0aBzqKHCRN3hhVGMPdHDFTnhZDCGH5KDxTy84UhZQFuZ4oU5x9hRVGsylhNfMhQVMMB9FBh5obQggimf5E5VpzHwwpi2J2JsZr59uyQcgguoQcLE38IK4ZgkTGGa+ItKKfhj/RwIbkatBTQB5jixXkwrBCK9ZgZr5mvTg8pg+EoesAw8cuwIghmfp05Zi6HFMHwLSbG7Pji0BIA10SN8++wAiiWdQZt5mOToICG/9CDhplbwfqHSZ9ijhrnGdDeGbZgZtRmfjAfpG+KU+lhQ+evYT0TzPEec9wk3qfoueHHdAZu5rrQfgG3MEWO82hYrxSrMnYz35wJ0ifD/vTQofObsD5hmpeYYyfxWkiPDDszMXp9OWh/FBfQo8e5F6w3ggU+ZfhmPjM1pC+G39DDh4k7w/oCuZcpfpwXQnqiWI8xPLYIpC9H0iPI+WdYLwQzv84cQYkPT4ReGr5BZwhnbgztg+BqphhyntgLxZIjBnHmu7NBumf4Bz2I6PwhrHuY+DHmKEq8Fd03bMbMQF4d2jXFyfQ4ch7UOcFc7zDHUeYrM0C6ZfghnYGc+BVYt4BbmWLpKkinFCsxmkdLQrtk2JceS85/wbqEKZ5jjqXMJyZBhw3bMzGYM7eEdUdxTjw5z4B2RrDARwzoD+eDdMXwB3o8OX8H685/Y+pf3VEsOsaA/nxRaFcguJQpmhIvhaCzhj0iag9YdwTTvcocS5mvTgfpDgyH0mPJeSgMHVasyXBeC9olQO5kiqTEOwXdNvycHknOn8O6JZj3feZA4vvzQroFxen0OHKeDkXn1mfKYZS4fvcg2JOjFENpxL0g6L7gQDJ5ACfyAAj6qNjhSYbwkztD0U/F5JvvefbFwXv2nptPBkVfFUGs6LGZhq8Zmv+b/5v/m/+b/5v/m/+b/5v/uwoAVlA4IHQkAAAQ6ACdASoAAgACPAJ7HI6AAACWlu4sCn+Vl7thPCPsR+gEipam1nSaU09/vTq5X3efaiuB/P9csaR6+NCZ6mCn+fK/9e7hf67+MnoP4uPKvrZ/af/J/jvwbuL/H/1X+b/Lz1T/Ur6T/SP1s/tH/k/1n///Kv28fhz+Tntv/L/a5+QH5AfYR+K/x/+bf0T9av8B/5f8lyjWfeYL67/Kv61/dv1y/s//t/yn1RfQ/6L+x/sB7qfYz+7/l39AH8O/jf9k/qH7L/33/9e8X/kPOY+xf7/7QPoC/iX8z/u/9u/wn+j/tP//+bL+e/yn+h/0n+S///xR/P/7j/p/8N+4P+R///4C/xz+S/2f+1/4j/V/3H/+/8j7gPXH+zvsT/rF969PE5NmOdC+BxEPZUfl7Mc6F8DiIeyo/L2Y50VBBgDeIISYqxkjiIUTotxqDwIsUItxqDwIsUItxqDwIsUItxqDwIsUItyfFo5LqChPHvond9E7vond9E7vonfGlO20EuoKE8e+id30Tu+id30Tu+kFPLKsur9HIaVmAFU77KBnXvsMdUbvumCynMiYx1HcHmVRcASqd9lAzr32GOqN33TBZTmRMY6juDzKouAJVO+ygZ177DHVebG5UnaU8UqaW4IJjwJ0cXqBZ2zSlh4pYbIWfaiEW4UwyXzyoJeY0pYeKWGyFn2ohFuFMMl88qCXmNKWHilhshZ9qIRbhTDJfPKgl4zaNwsuLTFcKVeYMUHkGp7gRPvond9E7vond9E7vn0Nl6dXu0cuHfDB5GMjulO20EuoKE8e+id30Tt3IkYNtyduYZKPEIQXH9toJdQUJ499E7vond8+on/xNrhSrzBig8jGR3SnbaCXUFCePfRO76J27kSMG25O3MMlHiEILj+20EuoKE8e+id30Tu+fUT/4m1wpV5gxQeRjI7pTttBLqChPHvond9E7dyJGDbcnbmGSjxCEFx/baCXUFCePfRO76J3fPqJ/8Ta4Uq8wYoPIxkd0p22gl1BQnj30Tu+idu5EjBtuTtzDJR4hCC4/ttBLqChPHvond9E7vn1E/+JtcKVeYMUHkYyO6U7bQS6goTx76J3fRO3ciRg23J25hko8QhBcf22gl1BQnj30Tu+id3z6if/E2uFKvMGKDyMZHdKdtoJdQUJ499E7vonbuRIwbbk7cwyS3EIUIzfFEtgcxXiDR8W5EK3tkEz8rREWdQGEULZ8QXBKQ0gIWz4guCUhpAQtnxBcEpDSCDNn0szI4pc8UqVQIMqLEtBJ2YSxT4ilg2ilg2ilg2ilg2ilg2ilg2ilg2ilg2ilg2ilg2ilg2ilg2ilg2ilg2ilg2ilg2ilg2ilg2ilg2ilg24voPEFpMOJnSsGSnilSsj8mZB8Kc8O+h4OvDF04PTJAWZ59oDEV5wMnnBkqucw7EFwgtytCADrJaLyLQyiQW7KkIIzwKstd7cm3FhfWkH0tDRAZDj0piU4rJY3lYF7CR2DZDFS+uraBKB1n+p22AC8ArYHlOKou+oMkh8x9s2d0ps0xcoJJZGnsq/s5th66p2ItRFbmNUAVMiB6N6eelgwj1iVctQunawYEl0eC8w6yUeDFhkmVcYvzvjCPqSGiTLxlDzwuc4xGhpDwP9IHD2J7nG2E6OHgAtmtOUtHmH9P3Llanfz2XkRMXvazYVwZOdD7JIZFJtCyoRVXodCMJmeB/lrlWQyi+DmhBAlrMRBUGoYxSeGTUTR77OR5JBL3XJKknOVWxrTupGrAS6W+tz7bHqeyGdnIwDLU4rpeUEyBA/afVj7MoiwgOFMJjx6p/Btv3ECnwej5dkkcnwG38tuBToguhF1F7kkeMe9tTB3V5e1iamJlLn6FFMY155ZRbL5mXhby5yw2nIrq8sr56ClHSOq8h9kWD5Lu72sqmJnOTyZaaACKoftSSt1nOSPx3vDxPjzFr7y4qB786MLoqoumEDGFuBCAcQCJ3ZiA1gUgeSL6Blk7BZJQnSeNqCB3mX6bkgGdA3oC87EkwUzrlU6AHUlLlL5xQFqdmN6BCcJdmktmfE7vond5ZGEREzov4pOxtZZkH2MAHO76J3fQgEoQ0nq/uJaF0p22gl1BOsbBYRIluvQzNe/VUg1aBXGAO+CE8e+id3lkdzZ27nxUTPfmENOqWI5Y1jSdQRbPZwUaS8adUsRyxrGk6gi2P/6UX9dSuTylh39+E45eqOsClUGgTyfsqyEaaCLZ7OCjSXjTqliOWNY0nUEWz2cEx7b9gJh8Uvm6HlyisyazRzBhn18FDQEpdl0+5yDBRuIaAlLsun3OQYKNxDQEpdl0+5yDBRuIaAlLsun3OQYKNxDQEpdl0+5yDBRuIaAlLsun3OQYKNxDUdpu6YU9oJdQUJ499E7vond9E7vond9E740p22gl1BQnj30Tu+id30Tu+id30gp7QS6goTx76J3fRO76J3fRO76J3xpTttBLqChPHvond9E7vond9E7vnwAAD+/99vlfXRz10c9dHPXRz10c9dHPXRz10c9dHPXRz10c9dHPXRz10c9dHPXRz10c9dHPXRz10c9dHPXRz10c9dHPXRz10c9dHPXRz10c9dHPXQj+37ZAosILMQQaCALyqEZlyhrxixZvOsUnNtna8MvlA7LWGEpOUdhxmJeK/CN7fmNMDdT8ggxOHhAA7iRGXEdYjWB+E+yoGSbzdvqJb6iW+olvqJb6iW+olvqJb6iW+olvqJb6iW+olvqJb6iW+olvqJb6iW+olvu4M0buftoYIDnLG2faMnraC4EXDsGTl7I8qgD3vXP8J7h9yeqQso0k44XHz7juCpROxxfUYdU4R0IiPRYnhqWwfPwrif9kZ7Z94YB8FV2+ATmdZiH3wRsVMbifstb+2c8DZw2EgI8ovXHBGIwHxXw/Kkgzp7nkJIh6RnnoXjhVHzwiNjN9MdVW8LNU6iKXuAP9lXImmuIpMQxHb0XPgknPj6h/9D/lvue4+1HEQV2y7kiqPZq/tVatjtJ8T/p/sa6zM3TZwycGYMFIMoacZhJAnrpcKy9gC8DdNBXCGlZg2pqwORPiGhQwfCeSKOTxDU1t2T4iYO7J/2OFJdLhWXsKx9/2eL4YKGPy7iA1Q0FdYCBzPGhgsTD76DhRyeIamtuyfETB3ZP+xwpLpcKy9hWPv+zxfDBQx+XcQGqGgrrAQOZ40MFiYffQcKOUVKDr79rXp/rUhHCYuzFOWAIsQIaFGqvCdMUbxJbQ/YBFJniNUutmH5tx58xUs3VR6fd3vIISuirlrl9utuiLr8d4g6t4dFCRsEVjmydwIDzv/Ag//X/x4SMZUk6sgJkqynVSI1pc8y1lNQjMmp173gj/eOFm8yPLi+jFdD8IQneeOxmFVP5glKOgAPEDC7ofjRJEAsa2LeCP3Ox/Fbhg6p5umTnoBwFeWVzdWYn5Zfit9pnTtmLx0NRtX7nY/itwwdU83TJz0A4CvLK5urMT8svxW+0zp2zF46Go2r9zsfxW4YOqebpk56AcBXllc3VmJ+WX4rfaZ07Zi8dDUbV+52P4rcMHVPN0yc9AOApgBV1LVk5rLvukC4pxheWNex2gE47h7doZiZq8MpArvRlsQea8IGH5qrkso8JUBXQf9NsuLtbB5TbTSQJ5XWz2JrWf3+r4bQSdUP4/9p4n/TMv2VOHt9HZP2FDr6Y03enwPsxnVbvk+dIP+Syvv0zAAy+gObzQd7uLlPO93Fynne7i5Tzvdxcp53u4uU873cXKed7uLlPO93Fynne7i5T1h2JyhX6Ds1LTgjnnHEuYLLZ9CjLo8s4pWOfVpUgugnJAQtgOt+6pDTHznea5GGhrTJmb0HF5EfXyRQlWwNI8hHihPx8m4FXQso07ALKYUrhfcJ9fu18/sDrJ7CneEQ5bJgJroSxXbc1XXzalSssBiYrGvWHt1UN6UyKHtSZlRYjk+cdMfE1TPFipUqIL3jTGd3BNAH+9cs3Tee74qCBM0+vp3kW6tNoJe5JJ/tw3zbniEr5rckW/+rX3A6aUuC2FWaC3tPwmhexZhc6dIBf4W8kPcppWwO0F8RIaGRU166REm54ETgkXYWkBRneOn56IJshaeIPQLB17BI6W3252FpAUZ3jp+eiCbIWniD0CwdewSOlt9udhaQFGd46fnogmyFp4g9AsHXsEjpbfbnYWkBRneOnosRMKIQLNU/GZn9NSBByhxpFcrdhaQFHY4TKTSfeDpKqHpdQvzigsoYCXaJlD/UsU+w2M4U51oYl9iXn9ThFKUEOe9U87VHqscP/VlwAQ6NxgQH1A+fAnjG3tFuMXIKHn+s9Ltp3jwXSQ8ku9zjXdGNhrD70kaKWAL9Zmtexd0jjDYc+q66tW29RV4KbwSeIY7l2ZhuLlpFEv1F95b+QwjIaV64iYWTEaeWI7qrfBniw1LwAtQAxReqKXooTdQsMuqWS1Ubu4T102ka1nyHzwaWHXxiyRsDaIeUnLFoJCOsqcv3qcEwAxNU69L5koSMZq9TXpey72DOjjFSHUNqOQ0DF1nCYpWGUOURubXxP2elb3SCnMHUz2RlcjL8Y/bDpWTLgi6UI7m5czzfmYfocBxNawQ1EIfDbDikiSqhkIncrpzTc1D3ivMF0YLPxDTpslt2scnUv58C52wvVm1VRndcJTXVGy0plLSWcSzTxqAlRDAyxI3XynJ815K1R7qmscZooX8nt7QgFuCvstQ/Tav95hbkc773gE1TCf/bJEeVy0RB2w1ciPBVhEGRRuLzqDdZ7NtrsDmLjr56EWjh7/hHOUOy1i/9gGYgl2YetBW04jRK9c4nBujUmv97+saNSuK3kSytRQtbxFml/fWrSczA9iax27mAtfMfEa/mR2RM3uPpZqeOwR8wp/4bCnVxS3ZSikJXmOPGm26ljwydxY0tBqPbaGjM/RyCCIPK+oTgpuQNE4SwECELvRY4+aUY4FoAVKkPDK6oPnGRkP2PvZAQFafoiS9EyeCSQjlO9kTD3CCSXkXaxTAuJgwPzILjY3Olh48+r/Z9btfYzsxlF3gjSffb5gZG4aL7JtNzT/89LEHcisptBscQkXeDyNSdIF7uKYhk8OFqRpUm5vuH3vNmGsj8Fy9ceWa8yIKL+sjAbdh1HnNsmUi9SUjxtFI3eTqE6/kVKNoXlvOSZuNYVsfhVgCJj5bbq2KS+i739ff4hVzjtdvruAg9ZWzCdtPC1lBB3j07zTjmETqLFx74anZsg1KwgmuBBMS/Z1fHpESHmCRugcayviUqRvA3PggKmLIF6rDJl6JMrQMT6pQr+5vzNLFdOvMGWnV1ds7eWPJn0ieJ2LulMwF5KdIwku+QJzjNF0GblTSap8PJzxwXDBDh5ji8Ptwf04ZfJvJX4bJjNFMyytuUgmB2pHto//4qyymixOFARJb96YutSi3Wlerwpd3Yco+oSHPKK2tWGfqMh4svVhp9ADt3sbw2fE+AGGYUSyXKK63Mv9mIrCEd/SkxrupNSYcHzdY6A37AQO2YCs0NzUOP8H7tFZAfWaq35UfMZ+eQAHJ3ZLg1cIdR8WNb34Oc5XkSwDTN9aoKBiwxnXTu5M/aV0ctdwDprxJwYVkM5PL8z1sNxHy0hXQIHiPbH7+x4DWpuuW+keiD2KLapr4s5wwVUlibk2kBxF2wOgnbdCipn+2Mf6YwuCOflESHhMZ81nMgN3casDxSmjbnwVWyi2J1lMGOFatuiUMOExreVXHZf/SLwz7/gotHoftyNFJz8zDQGW/BwZiFNGRngtq5OFHr2mm+8ti1l9EFRlqpeAMLNrY3Hj96fkJKe5cOJQJxFogA/eEbc9zSbQJmcaznYL8zaEZ6PBY9J2dlC2/1yQ5puOgr1M3TLuwJMkx3wsIRNFyXdya/kXKqq++NjqL3xAfMTmxeXAj+xnZDgC+YqQiulf3/z9DKFwZR/bnN6/fu2AzQK4MufSdgrJVmgajR4LTRIlbmQ8RPDqAKcY8WprRAwNNwLWHu/vQImGfCtY1dZV5tiCF9jBsZQgM6od0SUafTS1sTQ1R6DFjSliM/5CSVDBCx24+w1iPWF45mWSaCYV0wI0CA++KOuW7JmWGiNc2i0mPnuD+KRckqPIXPlA4RCZf3T7r/hphqOlbe/0fh3zrihYBjLUiSmHWWr856v3nK9OHc4b9vbv00tcvWFGGMzeZ1ywu/3ZnRo5R00KM1IeN25wFmKiPcRJFSgeM3trGO18VVw8D6qx4gMolJ3uY8cJbQQ6lxSYdaqUM6DjDw7maFHDCClIuAjtQslDVv4GLDXiym1RZF2LOGAp/sKVaYYF0MzYRQuJR4cHM2EqfDxWKIWuf5f7BYYPpwQjb6VAKub/V472tcBe3Y+7tVW+KDJ2ts3IBbg1iVGtTOg2vNjtWs6eUIjAjS2rvyHADIQQPiBXVai6ssBLqr2L+gtOuJYglWL8ypf8ZPGQGavqCULZe5q5VX9kmQBL6g25btxJ8ZayioUzSaluvsD7GNtdKdXy+neOBnjiqHIT+9rbNMFC9/jJM8JpOUzc/FD2tCV45LmVxyo1goqYxOyzZCnXE9n8XNZk+fvnQBcHxU2GJLKGfcGc5duh2pf+miSFBcPDvievxYS8BD6ePcZP8HdKeHOq0KESFaBiTWIE4W9CZSLNcBrLP/C8hfEGQSljpSpj9Ow+AH0iMN44NHZfdfW67a2hEdfmTKlYs3/wU9eaA/hWHurtp65NVB377+iqBiF/5gkCPwEKc2vu6zKaG18CFky3+f6cjX7uhybqQPWKo8M50vM0UlLhg82Oe+I7mh4Adeew5WrI/IccGnjzxzEopkjJHGpMl6sPOYZt+jiHObNaxk276cCjHQg4gx85Wk8X5/HuAsOQdAF95Hm3j4Ew5WSi0ba64ndU2dZyweZZN/sRyy+Zs/K5s6SbJsZVKgbXRQSIdrI/eTnO+yuFxmXv0HI9FZPLrY4QzUQYPtUhoy7ja26FCCDleuWdG+J1TUrFGG5PSGHrQEKmnYybZeKNBXZaiTdc4xg8e5JrJh2MqbPt0JmOjVL9w2njrxId7bN8jEyv404EpEtTzwt0O66mmYoyiSx6wTiAvMZb7yvcL9Enqqk9hk4/XPtlNdyO7zxYoHqELvqRK4aKco7dX9zblbZDY/2O/m6Eml5AiBUjINYtw/8DGG+416aVfozUJAM+0guv/uOxDxmWThWJzK+bdVVj0KBVAoAB3XeyRatLmqQxIkiGKPx1vwSiYh5SSKQ2y1tRQf+P/9/XQPfYVhAMQOGNhv89aPSeAq75OO7wWVVkx7olexcxSVbLY1RGl8qc3+vQntRMX1VSKhBT8VMLDXmRf2RuwglhfqtTvkH1JfqLKmFgcUzjB+9Ah4pVFzjun/+MSh0r3W6fVQEHBscEkPeeW27mnhffZwgURkWjnkBtKAPm3a4drNwZH7w6vbDwtCp1fPUkdlt09PNmb7xsS7Y6UE5XDdpHEAD0m8B6WwweAMfT44QT3+7KwWttG9vUDo81nLdMFpq2cr0pw7eSxmhplI12YPu2LC8mmNIeuL2xnq7EdCQfBwchqbOFCmu9WoT8OVooFcb4OJHNEjv8dc26UO/4wcW1at2HMHBmOCzK1RQ7krkdGsSJ/AX3JxOJPRZpfILXD+I/Vb8tTqARPnWX2V2riYYhRf0OPtqG4mDRwk8DUSGBVvHmw8azG5i5Y4YxmrUc9nXeL+l7F3t/loirDukjHhMKZXJmcZ/3E7pOZPnp1EvZlZ1gdfzbvVEJlT8J3WcB4/ZmeRvjn/g6dNFORAxTW6XK6ZLSTT+0Dn7W8LgJVwP4g4TuDuDyXxHWPFVYigI3C/FghvfKhOKygSR6xtuMgxzQyfugeQhqRMwCs/8hHsXdEVoHOuNRUle1ex7dbvIJhFPLGdTcjdGe3NqHGKSI5CQ+pjG6sMhXrrPtJs3oqkLbKNVm+IpVyazd3zOzoOI8DRlVzVM1V2vwXwsh4OyXX8ga+1uOYHsIFEp4svGV36KJLfdgaNPvMXZ3V+MiDXyI87cL9Br6Yxg3z8+mj6v88N7ZVf6w6sjSrgRYpCj8wXm950TO3QAQU8B7wRduoSf/jERJlDxbHSRluL2sADQLgu5z0cvQ98TdrIfd1Q0tQZjTL1mOQp3FY47RdhWPr+kFxgFV++0LkVLRtO4VM2nahOgJGm6AVt5PHhJtkfzQfyovUea+J7SDNtcrHagLMDmo1dGDEyDTSIusMhAzT/nj030eDTDSMaLLZioalPTTZyutsKoj2l/AGUkdUdq0tST9zAFmEjtZh/qvEfotg9aHmtjVKfjUzpPlNVypFaa3KE6CZ6QJNo7eFwaX9bDBcabQOmrUFW1bIol5Nfsq8n9HIBQaoS+IAwkcL2S0ucf/DX/q/hNB/3X/q0Q4YB+VS9TTl/7H55/969/fwZL89N/vVH97/ru63sxkq54Sl+uYYDN0nmUUADBddwy4K/sW1gSP6aabJF7n+6cCuFzPhqyfpnx65i7C2t5pHpkwrzUkrI9/+yMaUVsXjQwBUfh5q7izGqAIZbNASTRHF0EFeec7ec4uCH1BknfUMkSLpxB6iLZTyc2LoyizBTTN/Yg4ITwGFqvOPlwRTG6xGa+uQldDk65WXZr51rQQB3bRcuwvl/9y7nP/HP8wSNfsNdb95zmHUJU1fA6Y0G0dL6kiUhoOo7xZKkvRn5RB8oiWbgpPnfl9Wt6auJDcrYdrN0LoKBRQwjEuJ8eSDVHC+Afdmum9B3d1HlqZLI2UyExwV2l+GF/Le1/G5uHPdkLKa6UkgbiK+eNZl5dj8qmVu1kPbXzww2hiUliDlU4XoIS8gcERzMRRNdVghknUOjc86dnXSL9NNBtrOWPdeGIJSlzDDghP+TcHCczsBsrnUf7wTJ7rZ2bbOpy8THLp7vZuU8aqrsP8hXZgUGa22Zy2mhHOSH3MD9uZPbtj0YgV1BBk0FTC9QcQ/sRmF8yRWY95527n4VEJjPMS8qUqTeKowtQDjXIwgfSXESaGhq3nX+wvJwVD73oCujxX+oiY7zXG8iR36vdINiX98JGJiXCG1nhzfAChAmPgZIJa4XcFTto7aNyRlu9v+fiyC4RzkVtC1D6t53SlP59muTQEffpxqkds621sR3eqCt7VTqCYMN5adXDKxqj/O2mFUr/pu05wLfxEoyU8Z42dHrHxyuLf+idB2V14PcCTE7Z6QAfJkOal3FsAv8zpU5/tZB47nbfG+DSKl9PE14fKLVur9uPXsO/+Nn5Tqhalofq29vy2Nhrj7Jc0iazbnSoSJ5gTfODwCMFQi6/99fQe4+vVyuf5zTrawaaP9OR1BDPIrb63rZk9pNLBaboO6zYu2Y9G/I2+L1eQ3VSuND6z7E0to/VnnKPE5WE2uJD1HO+oiFGSLZGfniRKAaXtzqOM2UuxP//1ZDZgFBpa56o2Gv2pBGPt4Tkmfst0HDO8WsvH1pG3jbJY/ul7CKSh6PA9lRvNQTf5T40uCSIThKlt+dbWlOpfN3NbDNsZjfYrF+zFGbVYyetQHjm+Vx1WA0GS/nqOHuRFh/6ory9czST6XEDq7ytV3Glu+Toii+/tP2cPoKFjB8wSw3MEH4FbECYennLMHAD8iK12wtKD+wS1q2AscdpCYR/Wr+yAGb8DLrsTSVeEcZyw3gH1O6MMxr1QNyoniFvWt4JYffYS7DmSrUCxjvSe0sQMHqneIq2f+pPhhQl6vMJhYnsQ0bOToHTzN1PioHANa+/rrVSRixB402SDtEQT2+u+H4FqU9Fkx/pa0gTX7QWtGXCXlVKf82CHBnMxGOvTuYb9R6XR3KdAdScScL7rOx2sRe2v4lHXIVSFAuof91PGIzcGxrLUS3Qp3S03Ew1Et8IhAUKWANgbqvyNPUCqlIM4qTejIoC5vcvG7dbeYMELUcvfmJFe1bodiPPfTBb3RXuUepe7qH9y25fa9cx0rxV+3+O4MiNwzjyNMjPBNW4Cj31nZzXfUaK+o9vx9taYaEkhgWTIyFq3nSphx8lH9JaeXSFRs2ow6Los+ARnJQFQ7okwZ8uY6vXjKbU5YU06bM1buZ3hOPCBN4xK7Xayq2j7KZ8JTRpaa/46nTPqUaU2mPaExwzpk3cwT+lV6QVd3XftPyJCEPkvEN/PmadlA0VUD9x/ekXfSYeX2iBWP5sj4NUkB41cNx+ZuGkbR+X4/BYrT9Fkq1uUFahkTye3t4lvlm+bcUKWZcEJH9WJ1B+7gyH2Aq4zSztwfXARgDVnxzKPoV+gnG55as3k9GD3rKpnfVj/jgo6Srq4ioXfSUfVvBC8lfM5B8OGrXRX8LhXUz9o1PyqmzqvJGT6m1ipT01/NiW3FpccPhO9J5AS1SQHZuuDhLfGcu62vBAZaoAvfI2xpU5UAIQgZqQAZAt9TU252njmaK/YOepm1kXg3HNexhXpN05ECEPhqg+lipTvuE+do9tNMU+J5dfBMkehHCgiXsHsfjby8CK5Uhy3vajbO1L/aYAUq9Xz4U2X9sP2cNkBHnyC4Iw9FPvPvsqo6BsmU8fVGDEl3ph8YNUbbRrH0FqR22CGS5CPUv/nntXj3rcuxexP7RK8AB8y2o0AdoPTo7J4ycgWfC29L9xM2Ta8Sh5V/1Is8USUvz76hayszwvAwNGneMMP+gfFlrRnB09N0BaZ6kVsh+9sjRcooBmVal1+oY0Sj8/fXghSUAhrkndfasZ43aFrXTKRbkIQghwdzK/lfO0M3cm/rXPal7540U10sSS7CSx/WFIAf9d8ZcYkgJ59oStth1maSzz1DZBOHiBSKGs7Cl0OPxTZwYdACxZghnBjsP6zHQWDd/WRrOyFl/U0qr+HIMNQh42JgjGGBhfrmZzVAa8dWXwxmFt4zE/CbBsbZnVo8y1kNsMxeMzXDfC0M/gv0CaP31tlFsNkajCt9+vSQNTWC0SV2lwYvC/u0U5dybpmC4ykkUKP0sEXKuVccVHMe0fWaRWZkvXs3IfcD4OHKruig/BwuyovkoC3ovhpbQrMWmtAubeKFe3vMWDwuRa0rR5bhOurqml1PPo1+oL2vr0WegWhlDfFwd3kMj8YxKqyuT/uyIYRVuvqmDAwbFqaWGqLCIzSnETyuPvWBaglIb5cZLMmCRFfya2ukUogAgu2tFSSw/ywzECb22h14uncqb0fPu3uqS+lwTJAi+/4A+IVn99JOzq8grZXxUBepXMSbeKtJadRRY2RoPYidTOvueXAkaOo6FXcTWItHum248S9Pn0j79a4Ai1+O+/kf7nVEM+ugUM+SS1AuObvJba0G6KRlYJldi5T/fckG/iUi7JZJAa2OkHDdpT7OJFPCsz/gbZKfc/WGEFUfGQwUyK7qxlDYEwYpXgiONhMEdAR335LEAvAswGMC3rcgwUKPSSTDJ/Eaz76tuyYL0HZE2SCRNS0k7n/LCzJKUMfv31nmPH5rf43imaFWGUaCxfjjLSzh8uKQ+EXBIhlxTpY8Mh/y93vPadmYA0utfe/hhV5Mn3hJaVJmAPTWBeIZzaz7+OrBBrzeXcOwj9galvYMnBjZsIDYd8UEgvwHiF5gE1OzfoH2FEFXqibSd4wcEjSRn5jYBtKD5/lzm7kbb1+ccGiabMrTMy5OE70RENcNXMyCqqjMBNCk1A5PIRWRv0G08mGY1RRzgCkSWGkT6nxjpFUQAxK0SFIDM9HB8JKlhKM8t1sUaH3gbKp2K6+r3fsMz9O40om+NQ1daHomGTHQPnmtvySbfor5KLmrYBvL7CqIMMyPeNDpVK9An09/GFHLHCSnITNnSr0k7OruQGGA52w23NCH8PQGUxu6tynA6D5X79aL0EI8qgxGvqZibIBvltkL/90NYlDKX2EpNadakUrBP2jwNdQ6VnoHUqSNsmJVfqsbFOjjhNNW35jqVwog/Jgx+O5EyisCZmlMit/ix3y4PjX3nQgrDaX9jvl3jQ11Kel0RMcLcOpF7/FlMyJa8n+uXbAtmm+K/mE+Le89XlW2C7yhLeF3EVaqHFl1A1pLT0vzbnHaBMULBDpCWaSLNE6ygusJmt40M53FgUayxzha6V79EjSuJEmV3WqVk1F/FQ+kW56WfmMEDgQtQByy21mms2BznYLx+AHLLbWaauXJCY/0Za7TWbA5zsF4/ADlltKjTWbA5zsF4/ADlltrNNZsDnOwXj8AOWQON/RjTmXwXcXUBcQLwfuV5pRKLrYsoAVXDHXTszMeD17Rw67Ab2th165t2VxEwClgPmCd0o/N5KNVryzAH62DYcGLz/NgYphvKmFcmkb//seTpg5aHoEpQd6eQZpkFx6dWM2fnqLFUADGSBr1BVMZnm5FiqABjJA16gqmMzzcixVAAxkga9QVTGZ5uRYqgAYyQNeoKpjM83IsVP9O1J8yzwnw48W1gVfTyw2RxrZwqphJjYRRR2PVSBa20a3MAOCDPrrGJdMra9jYAAEVYSUa0AAAASUkqAAgAAAAGABIBAwABAAAAAQAAACgBAwABAAAAAgAAABMCAwABAAAAAQAAABoBBQABAAAAVgAAABsBBQABAAAAXgAAAGmHBAABAAAAZgAAAAAAAABAGQEAAQAAAEAZAQABAAAABgAAkAcABAAAADAyMTABkQcABAAAAAECAwAAoAcABAAAADAxMDABoAMAAQAAAP//AAACoAMAAQAAAAACAAADoAMAAQAAAAACAAAAAAAA\",\"data:image/png;base64,iVBORw0KGgoAAAANSUhEUgAAAJYAAACWCAYAAAA8AXHiAAAAAXNSR0IArs4c6QAAAARnQU1BAACxjwv8YQUAAAAJcEhZcwAADsMAAA7DAcdvqGQAAH8WSURBVHhe7X0FYF7Hme3ue/uWd1+7r20ahiZp00DjOEaxLTMzc0wxxY4htmNmZmZmkMVgmZlJliy2yLaYWeedM1fXVr3ablI70G7G+nyZZs6c73wzc+//NyUlJfhLtuLi4j9plR3zfVpl91TRKjvmr8F+AtZ3bJXdU0Wr7Ji/BvsJWN+xVXZPFa2yY/4a7CdgfcdW2T1VtMqO+Wuwn4D1HVtl91TRKjvmr8F+AtZ3bJXdU0Wr7Ji/BvsJWN+xVXZPFa2yY/4a7CdgfcdW2T1VtMqO+WuwHz2wKiuMb2NlZWXIz89HaWkplOz1WtY0KyvLXEepqKjIrLOva69T0rLmCwsLjdlJ63QNpby8PDPVdl3T3k/z9nk0zc3NfXyczvssVjGvfkz2Vw8sFWpBQYEpVBV0Tk6OmercSjbAsrOzzbKSCl6mpG02QHQegUGm+Yr3qGTvp6m9n5L2fRpImtc6e/nPNfsefmz2Vw8sm6mUVJACmgpV7CIAyLSfzTaaaj+t17GaFxiVdD/2cSkpKY/nBUJt0742UJV0HYHKPpcNLPu5dJymz2J2Pv3Y7K8eWEoqWBV6ZmbmY/bSspIKW0n72oDTdbWvkvazWU/b7ePsqfa1z6F5XcsGp8Ak8Njspv0qPpP2sef/XNP5foz2Vw8smRjHBocKUybXZxe+kr3ddom6tgAiMMgEEG2zwWXfn4AkExCl1zSv9Tqf5pV0D/a17fPJ7G3PYvZ9/NjsfwSwVMB2QapwVeg6t+aV0tPTTcFXdGN20n4ZGRnlS/gjLabjbfDYSQAUIHU+JdsFal+t0/m0Tsuyp+/125qdTz82+x+hsXQe2z0JGFpWEqCklWwQBAUFGXYLCQnBlClTzLEXLlzAyJEjcfbsWXPskiVLzL737t3Djh07zDl1HgFKqSLwtM7Hxwf379834NL96FoCo6YC+NP3+22tYl79mOwvHlhFJZY9WUcgFT0xLSsVFtrNBxZTpadnYufOnXB2dkVsbCyio2Pxs5/9DCdOnDAg+pu/+Ruz3/79+818t27dcOXKFbz22mvmvhYtWoRf/vL/obSsEJMmj8f7v/8dXFxcMHbseAIpnuKN4AuLQseOnQ24BFLyF/JyM1FYoGDAWq74LH+OPZ1fPxb7wYFVWWZVNNVsTcU4YgDVfBWS0URF1DMsntxCaiUWpAERp3mZ+chKJXNYZWfWFRaU4syZc/j4D59izJixyMspRPOmLfCPf/8v2LZlO4oLy/DiCy9hw7qNiIuNx7/9y78jKeEB9u7eg9o1a6HqJx9j4oTxaNa0sTnpuLFjUKvmp5zPw4MHEWjbqjHe+927mDNrPtJTcpGZXoIa1epgxLCvkJvNe8+h/spLN/sX5CSjNC8DJfkWwPSMtqtWUr4o2c/+XdrT5fG87EcPLFsPyX3YWknLWi+myspjqM9CePgoBVxERtoTQF04fRGTJ07B7p27UJhfAH9fP/yf//33eOc37+LKpeto06o93vvtBxjYfzAK8orx/nsfEVibUVpchv/7bz9DeFgE9u89gCp/+BjLly7D22/9Bu++/Q5BWIRePXqiQf06dH3JvFge3JxrYeaMaY+B3LpVJ3z4wad47ZU3ERoSZm7o7q3rCPQ5QuTkETW5KKVlZaY/fla5UbvSaFlu2d72XVnFsnie9hcDLNuUNFVtlqsqKZFuyjSFqWSAxfl58xbgvffeQ4+eXfC3dGXHjwUgLzsNn3z0PhrVq4/6bvXQrmV7DB88Ah+//wkKsoswuP9QVPu4Bj7vOwg//9f/QOqDNOzcsgsfvfchctKz8coLL6PKBx+TaYpRvUo1dO/aw1wrMzMbv/7Vy9Rcuwzwd+3ehhd+/TMc9NiJV179JcIj7pp7+4jX+eC9j9G8UQvcvHqFayjiC540qirp2Uyl4bMJZJXlyfM0O1+ft/3ogSWz97V0CsuShaeML8jPRWFuFtcUISkxHlMmTcbNm7eRnJKG115/EzNnz+K2Ynz2WVc4O3yK3KxkuLs4YMbkCWjs7o7/LcAFnjCs8iAxGdmZeejZvQ9ZbhounLtoQHP3TiiCg46Z+dMnzyDQP8gwmtxngN9RaqZiaqlofFq1Ji5fvoy7obfw2pu/xu/efwM1av8B733wDlLSUnHh4jX8wz/8HMeCz+LVV94y7ljA8vLyMuJfSc/66NGjx8+pZ3w6L563VSyL52k/emDZGawarf3tpG3SLSgrQNqjWLRq3gjNmjXBpSuXjWv8sMon6NmrD+dKsWvnVvzi5//M2Tx81qszRg4fjAAfT3w9foxpfwoNDaXbyWKB6npyRWoyyHm8LEtLSzHTgoI8ZGVllG9ngMDNIsvbIbdQWJKLi1dOo9/A3kjPzMCGzTvwN3/7b0hNL8YXX36NX7/8Fn73wR/QoEljxD96gLDICPz9P/6DiS4rJulJPavtEr9Lq1gWz9P+YoBluz4BzN6Wl0tNUpCFo35H8PN//yfqrAQWMgubx6xbvxH/++/+Hl9++SU++vB99OzRhWuL8SApDrduX0NObobZV6DIzWdBlhFQhXlmXVZOJpcZOBTlc6kIyakPuL6YzPMQGVmpXFeI/KJss07Hp2Wkm+MKiynS87NQQLTpHiKjUzBpymIkPshFLaf6mLd4GT6sWgVrNq1DdmEuevX9DL9+6UWTD0o3b97EkSNHTJBit51VzIvvwp4uj+dlP3pgiRUEKO0rUFVs4dZ6scitm9fxL//8j/Dz91JRIITuSOvXrl2NPr16YykLNC9HfYTUMGQYwVWWzHMJGJkZeWCASdOSpZl0DWs+HUUEjI7Iy1c3D++lVG1WBcjMesT5AsNghUWEls6vLbwtsZR9HQakOH72LKLi76NuQ3fsO7wfyRkp+Nl//F8sW7aMewCbN2/GO++8g7//+7+Ht7e3WScxX1mePE97ujyel/3ogfUEQBZzSYPIrBDdckOPktPRslUb/Mu//BPFeme8+NJ/4Oy5E9xSjIcPH5qdCgvK6O5KkM3oL5+lL6mcU1Rg2pRK1a5UWoi8zGSUFWVStz3iVrJhESO+UrrAUi6X8TzQ+ge0BOq7cK5L4LYHjBIfoYzgy88t4Lzuk2AionLyy1BIUGXQtYnbqBIR/zABOXmZ2LRlPX75q58zD4qwYcMGvP766xg3bhyqVKliGmrtvsrK8uR5WmVl8jzsmYFV2c1+G5OOkKZQkii3hXlFplLSPhMmTMALL7yAf/7nfzYt4wJVNslDrBCflILxE77GZ3274fhxHx6bhdy8DONWClnQ0sPU3AZUuUWlyCspoLtTNBlPmokotzDaHRoZr/g6p4zc8s8ShaeIFlrJSZ6IgC07zivKuA5XaYz6yu5zWyqPIzMWscB4TTGgGFKuUU0jluulyyzKZWWIQ2RUKLZu3Yz/9b/+F6pWrYo+ffrg448/Ns0Mum9VHtslKl/sPFOyddiT6PhJJ7fy9JvqM+3/XdgPDiw72RkkQImltKyka2j+wIEDeOmll3D9+nUjdv/pn/4Je/cdMqDKzJXaYeabglNbF9mDrFBIoV1SUoZ8+qLsnELqqnwjsMsgNycxTjDhNC/iS7QdpljaiYLEtciIXoKHoTORGDKJNhFJoeORFPYVHtwbg0eRslFIjhqFlKjxKHy4BCUpm4AsDz6EwBdCgBGsxQREkdUwWkDfqMbb/EK6zZxsVoYsAi2f1y5GTEwUzp8/j/j4eLz88suoX78+11tJ4NDzR0VFISJC92o1SwhsNrCUX3ZeKv9kdqqYz/+V2eX4vO0HB5ZqpjJDU51PU60/c+YMIiMjy7MI1Etr8cEHH5QvATVr1sSIkV8aTZPGwsvKzzbiWWxQQn9UXMgtYguCTo2fAhlKVfvJLGU3UJJ/FCWZW5EbNRrFUQNQGNEP+fd6IzesO7LvdkZmSDtk3GmJ9DvNaI2RcbcBrT4yw+oh6547ssPrIfteI6Tfao7MO52RE94Xhfe/Il6pmXKOsFRv8jp0m3kU9gSWAkwSGXJ5Xzk0MacqQ7GATwAptW3bFosXLzbzygc7ubq64t///d9x8OBBs2wDTqCSaV5JU23TOiWB7+n8ftp0zHdhPziwlAliJNVEZYpApho8ceJEXLx40eyjbTdu3MCbb76Jhg0bwtfX18wvXb6EUroAuSXUSWIqWlEhM10lqFKjwCnSIL1idQxLH4Uyt/2R+2gt0mKnID38c2TcaoLcW87Iv+WC/DvOKAyhhTqhONQRxeEOKAmvieKI6px+ipLIT1Ea+QlKo6ugLKoKEF0dZfe4z10ez2Ozb9dH1t32BN0w5ETPR3bcLl7zHkucACtK473RvTFKkCvOpObLzGOFyrOG6khTpaamIikpySzbwUOzZs3w4osvYtWqVahWrZqpbDawtL8AWBGEApO9/X80sKQLlBFKEuWav3btGgIDA/HJJ5/A2dnZdOIqxcXFwcHBAW+99RamTp2KYkZkhRTZWRTZeYUZjMooninIi/PJTgRYWTY1jxHfLNy8Yyh+uAGZkeOQHNILqSGtkRXaAGXhbkB4bSCsFq0msVcNpXc/RdndTwgYAohWGvoHlIV+iNKwD8207B6ZM8y2D2l/4HEE3N3qyA+phazbrkgmYBOud0J+0mwUpRJguecJMLrI0hzeN5mFgk8AKyjvHLeTXcGULyNGjDCd3hptobySFNi1y2rdt0e1an+B0JYO2u/buMPKyvR52I+CsZRs4WknAesXv/gFBg0aZEYX9OzZ0zCYMk011bBccQHdCjMVdKeEmEL/gpxMlKlZoCyduRpFX8gCTduD/JhpyAjpT4Zqhew7dZF71wEFBJDAUxrysQEGwqqSYD6l9KoORNawTMvh3FbRtK58fVnIe9TuvzeAQ9hHXEcQRlVFSXQtFES748HNJngUOgDZ8UsYafjzyRhNij3plgsKMvg8BYatxFLSTmqFt/O2devWRtSfPn0aHTt2xL/+678iMTHR5I/yzk525RTIlJ9atl3k0/n9tNnXet72oxDvmgoomiqDNBWA6tSpg+HDh6Nly5b41a9+hVatWpn9VRDaXkRBrKYntRPllbdBlRZRa2VFc4aRWmEwcqPnID98CPJC29LNuaMklOxEUIiJiu58YNiomIxTcu9jGlknvCoJjtvDa1SwWpbR7ZWG1aZpShfIZcS4EEScj6xG18lzhP+e7pJAiyazxRC43J51rz4e3m6H5NBhyE9cSQ3GYKH4Gu8xFkX5aea+7bzQc2lebkysNG/ePFSvXt00R0h3qnIpH37/+99j9+7dj7uDlOQSdbyApfy08/JPWWVl+jzsBweWukhU05QC/IPN+CXVXmY19uxVl8jfmIZOJekP9buZ8VcUveI3gUpCODUjnxmrkQ1qb7rFlYfIFsOQfKUdcm83QlmYq8VE9+je5M7EMGSXkogq1FBkGE4FrGIyV3Hop9RZ1Ywh0onmzGNdCS4XlEU4EThOBJAziiKoq+7WpIivicKoWsQJXWlsVQOq4vDfkRHftdgrwgE5YXWQeqsxkm92IdjHElxbeZ8XiaR4w7Q5eQxa+EzZaj9hysqwOtPFPJIISgLbHz78CO+/93u6xB346KMPcPz48cduUVPto2MEsG9SPk+X5/Oyv6nsYs/TVItUe2yXZyddvJA6SAPfyhgypaflwaGWO+bOWcSt2ldtW9n47XuvYdnyhaaLpaiEeoLRXzaBKEDlFtEFlGq+EHn5dIUUyCi5isJHa5AS0gNZt6ihwurSRTkSUCz4e5YIt4BUlYX/CQo4lWkZ4QQSxbrRXJFkoyhaObAEqtJwCnqCU/vnhVdnBFmD0WRtYwW2RRJk3Kc0nOL+XlUU3SWT3a1FsDqj+J4bSiPqojCyGcV9DyRHTeQz3kF27gPkFJBdxL5k3vwcak/WtdICFpJaXJkfGrS4eeMWvPbSywQcl4vz0aJlEwwZMojbLbaymdxOyvPKyqSiPQ2I52XfObBEx8ZtldcgJc1bYlMAKjJ9fplphfjVL97E+XPXmCHFyMxOxOBh3XHmXAASk6K5JyMoivI8RlU5PD4ttxgZBcXUWKT/ErVS04pDkJ24igL9cxZeE5Sw4HGPYKHJpZVG1EARdZMKXgCRaV5WJlBxCjISyESIdkZpjKYuBBgFPq2U8yVkJVlRrCPdHFkrsla5OfCajsjjVADTuQVk23XKjeoeQGCXRRKcUXWRHtkL2cmb6boYrSIH2fkFrCAlpnupNI8oY8UpIeBMPnHxyGFvw1aHDu7FtKkT8Hf/52/g70+3yiTdqaR8VT6rx0EusbIyqWgVwfA87TsHlkw1R+5OJlDZ4bW6M+TyUEbAMe8a1muJf/yHfzP9Zm3bN0HdejWRlpHAfYpUZw0r5RXRfXL3bP7HSmwaP1EqYN2kXt9omCrzTj0LEAYwFqBKI2qRlZ5YaTh1koxgKIsUQ7HQuR5RdHcx1GL366E4rh7BVf+xFcfWQVGck7FS7mP2i6ZblMaiWC+Oqo2iaDKYQEbXKMBpWynPX0YmK40gwCMYbYoh79VG7r0mSL43gOSsZolIPksG8gikgsJSshWRpHrIvEtPThFJCVtYsGghBX0VvP7aS1ixfDHzk6EL2UqFqaQ8Vp4rKVp8uiyetqcB8bzsewGWwKSpLljRJYqZHj6IR2ZGGlKTM8AgD7179cP/+3//D/UbuKFJU3d4eu1Hbp7VWazmqZxctVcRjgzZ5Uqp1lkA0Sh8uB5pob0o0lnYYdXogqilyEIlBIwBEgFkQBRhmXFvUWSkcjZCVB0KcQIylkx3vxmKEpqjJL45hV1ryxJboSyB2xIacH19gqqxZbEEX6wrTWzGa5DFBLaiKEcDsqLomihWexdZqtS0g1HQy+0yQJD4z41ogrTIgSjMOMCnijHsq7YtU+eEFeYbxRfXFSEzh1Igzxo5m5rywLhDVUpLk1oaVMnWXEpPl8XT9jQgnpd958DSReQONdWy/dCi6YSEOFSrXgXvv/8eRnwx/PHgOm4yIwauXruIs+dPEUTMZa4jlpCfx/+IzYL8LORnxvFMtHRPpN3tj7Tr0lJyfR+hJORDE90JWGKSYmoliW6jmQQoMlppNN3b/UYGSMX323LaiSzVBcUJXVGc2AGlSe2BR12Bh7QH3VlyXTjtSOP6JE25T1xzlMY3RklcQ8NyZTECKIFmACb3KE1HQJVHmrqf0ig1Z1CDyehWk284Iy1qGOlGozMeWKxTyAJiTdJARjX6qr0rI4dTPrv4qIy6sqgwh3livamtt4neffddzJ0793F0aLPXn7KKYHie9r0CSw8retZU69SK/MILv0S//r3xSZU/4Je/+A+G0R9wH+qN8uhIol0MVZBf7gs4KaVLLM3XWPNoupEA5FIEZ91pYqI53HkPCPkdtQyjM8NYFM/lwCopB5QKHtF1yDYU9/EtCKS2Fpjie5OR+qI46TOUPOyBYlpBfDdaLwKnLzFMS+hJUBFkD7vRCLTEdlzXGiVJLS2GI+MhhuflNcpinQyoFDBIb6nJwrCngKWW+6iP6H7fZ/RZFSl3GiAr7mvS8iU+ZzqfN9vopZzsdKvPk75QgJJl5OQaFpdEUAVcvXq16cgeMGAAatWqBQ8PD26zosjKyqSiVQTD87TvHFjKHE3/2AVa0YqmkydPRJu2LdCieSPMmD7JvBUjN5CdlY9cUr+wlEmgadgLMWblrDKVYbrC9fzo8cgPa0P9QndGTVV85wOUhf6BhcbojiZdU8qp3JPEtwocsYwU5cLIVkjisYkdaV1RlkjQJPZF6cN+KH7UD/mpA5GbMgS5ySNQ8GAMihJHE3xf0E32Q2FSNxSJuchaSCLbPWhHlmuHsri2PHcLAy7IRRJEcoNgRFl2j4I/Qm1ecs9VeG9/QOndD8hc1ZF/tzpZtw1d+jo+23XmQbLRT6pJVgBkaSh1YquzXRkhcPXp08uM7e/VqxdWrFgBd3d306isJEFfsSwqs8pA8TzsOweW2ElJtCyQaVmtxzEx1BOcl87SuKR3332NLjDPjGPXq1lClKIjuQABS8t5mdQeWdQTRSk84W0W7jo8usJCjCSooh1RGPax0TCIVqs5XWIMRXlETSOcjciOofszwrwBQSUt1QJlBEfpg04EFFkosT+ZZwTyH06kYJ6Nh2lLkYtDyCrzQkahH9JzjiAzfQe3LUUG98l5MJQg/IzA6mrOUUL3WBrXmUxFFiNzld2va1irLJYRIdlSbWAS7UX3GJ2GfWLuF2FW95GixcJ7dZAZPgglGbuZY3F85EIyt5iJ8GKF0itqGkKtdq/sHDWMlpoGZPUnqqvn7/7u79CpUyfTBSS2UqqsTCpaZaB4Hva9uEKZkny/kga2/eM//iP69etnhvVGRNzDiy/+HGFhNyQeUFTA45iRApbEukZmar6EorYshy6wIIonO4rEa8NRFNKUhUPghFenYKbbi2bEFSNwSccQYGoyiKLWiWCBMuIrjRdLUYwLTHRlefFkmJRe1FL9kB7aD5lxc1l4Xgz+43AtIxpeERHYdi0Ua86FYM/tSJynaI4vTSLYrqIgbx8yE8YiJ7YnGa8zimJbEZzdCFiyWCq1Whzdc5wb9RuvK/aSG+a9KAqVWzSRaigjUTXAqimC0/Q77kiNGMGKc505lcfskDvMRFEuM4REJd2lEa1lFO2KlJWGDh1qur3USm8nqznHSuoqsr2EtK1MSRW7Ihiep33nwFKzgu0GRelKeiCNqVKn6tvvvoN1G9bi+o1LZgyV2m0K84uQm6XmCTEW662G/TIPS6g7kHufmX6FGmg9Um99huK7jOTC6ALDa5o2qqKYqiiOJQsIWIzKpKnEFkVRjNRi6qI0gQwnAZ7Uw7JU6qrkgYzMhiPz0RoC6jJuZUdg5M4DaLZgDz4avh5/GL0XH47eh98O34wqo1aj28o92HbpIqLzwsgpwchKmYusqD7lrEcXGdcBeXF0k9nSaA3oteui6H4dw5hlvA/TvEGgq7lDLfiPgUVNmH/3U2RHdDYBCSmQFS3bNCIX5zEPDWtZ0bCYXuCyARQdHW3yWm9xb9q0ybyprRERdrI9h8pEbKayULlUBornYd8LYykctmuJxlVp2IsyRA/YuUs31HKojaxs9ZkpCrLcnmjfjH4hoPLyVVu5spBsVXyHNHYE6eFfITOUUVwYXRvdi7RLRWCV0g0qMlPkVxLNgo2tT3FNdksiUz2QliJLJfTmfH9kxBBUWfuRiSQsYRRae9YqvDByGd6adgDvzwrAR3OC8eG8YLw31xe/mbEfb0/ZhipTN6PutEXwuHcRGbiG/JSlyI6kuH/YhwFAB+TH8zpZvVEYx+CALFnEqLE41t3SeeXgEmMVR6uR1YFAo+umaywOq4K8sGbIjyX75F1gnlAn5eeRxQkCVTQGMfl5Vr7awND3J/z8/EwntcbMa/yWhtqo4pqh2UzyFnaZKGkqeWID4Xnbdw4smd3OomEvemB1pgpUhRSkGvgWF59ogKfQOT87C1lpqQZc+eWNoGowLC6iZjDDTs6j5NFyPLzVFXnhTalL6GrC6eZYOIr+SmJqoJhmwv0YNxRGuxNUantqitIkah/DVP0ILIr0hIHIihiCnNT1SMF9jN1/GG+NXoqXp+3F6wv98YvpR/DKzAD8erI3fjnJAy/N9MYbi4LwzpJjeGteAN6ZsheN5u/EodCbjM8uISdpDgoTPqduY0T5oDtKGBAUx7dnRNmaLlFNGg0NyBWdqtFUEaLcpLqByhg9qmNc7VuFd+sgI4QgzdjB5xVDq2mhzLC33mPMyy0yzKV2ZTvJ3YmpJNz1ZpI6rvUBEzvvVdiqzAKT2MvSt3/BjGUnPdSxY8fwyiuvmBqmdPbcBbz34cdGKSjj9I0DI67UUspcy8jKNC8l0BOSuilWy6itir2RGTWG4Xkj5DLSMq3cNAtYjLqiHR6DqpgsVUihLq1Tkkgt9UDtURTbDwagLKk/CpJGITVhKTJLbmCe31G8O2wp/rDoGIFzEi/P9sQbC3zw6pwAvCxwzfTHS7P98er8ALy2IBCvzA3EqzP88Po4D7jO2IngmJt8ist4FDuOQn6giTAl5BHXBSB7lRJcJbyPUkaLxdGu5l4Lo1gJ4mohP6KqiV5Nc8k9JzPYMPVWHYJzEkEVIj/GwmL+EEzq1pIbE6PbwLK7c5QUGUpvjR8/3jTtKMlFKglkKhOx11+8K1RKTlabE8vzwQP8+te/NiMhZ82ahXfe/R0GDvkClFSshaUm8ilUDSOwCguyTaezhsMo//LVblVym7mzBSlhvZB9zwV5DNlVOOo+MWxlulesZgVFf3J/FqhaE0gS6z04pasiqEqThiDv0Uxk5B7D1bRYOE1cj99O88F7yy/jXyZ44K1FAfjNQj+8tfAoXpt/DC/NDcKLcwIJLoHqKF6edxQvzjuB1+aex6tj9qD9ki2IKbuP1LSNyE8cSUYcQEBRc6ndK4GATmiLsrjmprW+NKqe0Xy699K4moxF6L5N9xOFPIFVfLcWskKqITuarjrrBIHFSLCs2LxVlEvm1vuONrCkMAQSFaYqr4Y3K0rUiAg1nA4ZMsS8YqayEFsp2axlH/dd2HcOLDvstWuNGkXr1atnRka2a98RGdkFBjhpKeqe4QxrkV6lIschvzAHudQWesultCyNWuMcMpNmIy2iPfKiGAVG/t4ClmErNSkw0jJs5WL69cRYSGhJ18co7UE34wZLKK6tBtAvkZW6BllIx5Ath/DaiFV4e+Fx/GymH37NqQD1ygwvvE4wvbkgGG8sPo5XFxzDr2ccxQvTg/DS/ON4Y/kZvMB1v19xAi8PXYwlZ04hG2eRnTCdoBpMcJEdE/qQvSTq25C9GlNl0yIJ+EgXw7K6ZxPNalRFtKMR8Bq6o+dKvtsahel7WdFimEd5yC22RnKowgkY5bIVaWnWmC4146gFPiAgADNnzsR//Md/GJ311Vdfmf3tZLtElU9loHge9r1oLNnVq1dNm4te21JGmIzhQ6pHX1GfOln10kN+tl540LocAyx1OueRvfRWTWG2P1KihiM3ugnBVBUlke8/aVk3jMWCUlsVQSXGKlYjpVrGk8gYSWKOntRA3VGQ2A9Fj8aTXXYjMC4c1cevx7vTDuHlOWQlusKXl5zAL6mv3pwXaID1yqxA4wpfpJB/bc4JvDqXrnLuCbww5yh+PsuXgAvEb6Z7oN3qPXiEGKQmrkRuBBkrlUYQG12XwPugzoJhrPoElRsB5WgqhBpwpRMRq7auTzn/MXDfkTqyMfKTGdmVXGNepZlX1oo0ZEat8BpOQ8qSNlVBCiyal/vr3r07fvnLX5rIUEkuT9sq9iEKWPax34V9L65Qrza9+uqraNSokRkJqZqkaCUjI828WaN2GYlzY8V0gTQNO85nRuaab0gRWGUxKEzZiczIzsgJ00C8KigK1YhNqz9QHcxFEbRwMhVdTVlsQ6sfTw2XZCkksZATP0fpo8+R/4DgfDAV+TiDOcfP4J2vtuIDurj3Fp7Gr6Z744VZ3nhltg9enuGN12cfo9HlzTlGo1s0xvnZJ2mnuc8JCvnTeH26H97/ajlOxIYgI9MX2fHDLU2XwWve1/XJWo+60O01Qg5BVRhXBwVkKHPvEVZHeWFETVNhCiI+QT7dYkZYC6RpzFbxUVa8WPPqWn5xkRnlwZVEjNUyryT9ZAtyfUjOznsNBJSH+Oyzz8w67aOCV6oYKf5X9jRgvql9L8CSnpLfV9JQWgHsiy++4FKpyayi4lyUFlrA0rx5jYsZKLP6xCjci0KQE7cCWaHNWMMZmsv1mREMNTjvzNruzlreiNOmnDY1WiYvqjEFcBcUJZIxKNgFrLKHg5GfNBqZDxYgA9cxcJ8vXhm7A+/OYrQ397iJAiXYX2fU9/q8oMfA0tSAiqLdTAms12edxavTTuHNWWfM9t+MXY8dV28itfAS0hgYFD/shPxYCvhkXjuuO3VUSwP2ogTemwKLeDJvdHPkR7ZGRlR7JEe2x8OoVkiKaoOHEZ2QdK8/YkImoSz/OCtWAqPkLIJBukhcTxGek04gPclnJYFFTCTxrncGfv7zn5u81xvWYWFhZpu0ld0M8XR5PW2Vgeab2PcCLDWG6m0btbWoK+e3v/0tZsyYYVyhaqAApPFHEqRqgsgvLjHuUf1jZmgIGPUUXEJ+3AIK9lbGTZjumrtVgTC6wDBqqjC6v3Bqqnt0f+EaR9WABdeMLq8TCsUcjxQN9qd9zoL9igW/km4rHA2Xb8GLk/fgjbkE1OxgvDqP4JpLMM2lrpIRMLa9Xg4sRYQvzqPLpDsUY70yk/prEefHrsMUn2BWg3CkPpyIIjU58LolCb1QEkWAJTJCjG1OfcUKwHtKi+iODEaRGQ8XIS1vG4HugUz4UfcFkqP9kYNgxCX7UV+RrQut9iwRVFlh+VcAuWALcCWxkYAlXav8VQ+H3mrSu4o1atTA9u3bjQwRuJS0X2VlVtGeBsw3te8FWLqQ3rL527/9W9OOpahQGSL6NsxEAKmFQWYDy/5WqBmaW8qIMIvCPXwxHl7rjswbjVF0m7WdGiQnpCVdCAstqguBRYEcQXF8vwkL0RpTJdZQh7G6bAywkj5HsQHWGjxEFBznriL7HMYbi47i17MJrvmn8NKsYxTuQQSNPwF19LEZYNEsYCkq5DxB9RIF/evLTuPX49dh8I6DBAajQ7ra4od96KOGISeGgJLGu9+JbNuS7pDMFNmX+bMKRQRSRJ43PCO2YvGZBZgUMBVTj07D4nMLsPHaapxJPokkxNNt55k3qLPTM1CYa412KCy1XvCV+1Ne26JcKSEhAQMHDjQd1Hpt383NzUTlFV2h3fzwp6wiWL6NfefAEuWqYVTCURHh0aNHzUNJZOpFCvMeoKxQjX5iL7lBS3fJpLWksYpTriDp2iZk3V1Ovt9DBO5nYa0k5e1ASfIy6pKxKAjvS93SAoUx9RnaE2AP29MVdqMr7GWYSq5QwNIohfTEVWSsCLjOX4s3Z3sy8guktvLFa/MpzmeTgWYE4OVpPgSTf7lJyD8B18sU9rLXZhCE0wPx1tKTeGXiOgzftQe5iEZG4nTTrFGY2AclDwgwI+C7IfNeZ6TEDkVa/kZEFnvga+8v0O/IcLTZMwB1tvSA44b2cNraHu67OqDp3u5otaM/vjgyFUcTzxOwzBMGNnKDYqvcQs1bTCVwCVQqVAEsPJxBSfXqJu+1TUl5rgqt/W3mqqzMKtrTgPmm9p0Dq3Pnzua7C/7+/uY1Lo0d0oMLaPrAmXSV0VflwNJQERtUBljqF1PHc2YkpdZNurkgFAWvRcrBOXh4aBaSgxaSpXZTJHsQSKuorYYiP4YuKL67CfOLyRRFLFw8HMTCHUyADWZUSI2VtJQu6y46rN2LN6bsJ1h8DbDkBt+YR0GuqQA114/uT2YBy7hEmtFaNC2/SnZ7Y+EJvDtlMxYEB9CF3UBm3FQD5oJYgvohmTKhN0qp7zIejEd60UbcKfTEOL+xaLGnD+od6ou6ngNRx3cg6vr1h5t/T7j6dYerT3fU8+oLp/Wd0XffWOy752M6wDNLM5GalWZ6uWzQKE/tJPCoeUdfGFR+a5yWk5OTeU1fjdRKdot8ZWVW0SoDzTex7xxY0lOTJ082Pr558+YmOhQlW6Gv1VVjwFVAd0iNJYLSSAZbY5WR9pGTAVw/g4RFk3G6Y1ME16mJEy5VEOz0e/jX+T28G3yEW4M7AZ4rCJ7DQMpGiuaJyIgehKKkfpZ4fzSIBTsUhclfIOfhaOQkzWL9v4SvfU7i7QnUWDMZBc4Jwq8p4gWs38wLxluz/Q2oXplHE5DKgfUWXaWtuaTDXpsdhDfnHEfVaTvhHX4VOYXHkBXzNYFFMCcOoO6mG04egdTYUdRQexGKoxjmPQZuG7qimd8AuPv3gotvTzh4d4ezdxe4+nZC3aAuqBfcA25BveHm3RuuO7uh7Y7PsfmeBx1jGrJL1FkvdrLap9SbIcay2w2V9JmCt99+24wsVbCkSi7tJcaSicEqK7OKVhlovol958BSD/s//MM/mPYrfbFOHxezG0vlCg1DGVdo6SxJBH12yHwELY8r8nIQt3s7PFo3xb4qH+BszRqIcHVDtJMDwmtWRajjx4hs5IKLLnXg6eKC6xNYmLfoJrPUUT2VOmsE3VE/yjSCLNkCVu6DUchLmkyHEozNl6/gk6+34Lczj+CN+Ufxi2l0gXSFrxNgr061XKFApdZ2w2blwLLARddoBH4g3pnmC9dpG3An/TbysvcjK3o0mcpiSDwajsywQSjIXY3wYj9MOTkbDeji3DwGwsWrK1x8OsPZnwwV2BN1/LvBzacLAdYJDl4d4ODXFbV9u6LRic/hsqc7Ou4fDv/0S2RFqzNaX7FRJVVhKr/FYGIjuTnpL/3QgQKnunXrmtGlo0aNMnmv/e1G0j9lFcHybeyZgaVki0elitv0cNqmB9eyqHnLli3mgXVxsz8FqN5M0XBkrckls2eR1ksKcjmTgntL5iGwBVmKeiGmQSPEuNdDmENtRDg7IdrNGbF1HHHPoRoB5oSY5i1whEI1oB2jrlveQJof8iKnoSRxDFlvHPIfDCST9ad4J8ASRiH10TpEFyWhw+Jt+P3ErXh1pjdeJKhemH0Sb849RdY6boGHzCRQmWiRwKoo5tXVI7b78OttmOHLiLD4AorSVyDt3kCCaghd4DCy6FfIJ0OWwhcbb6+E25puqO81iCDqSxBZQJLbc/XpadjJNlef3gQd5wM/Q3XPjqjj1xt1dvVCf4/JiKPuVLwsES83qDzVVHkukztUx/S//Mu/GKaaPn06xo4da9q4lNTlY5fbn7KnAfNN7ZmBpZvTiexoQw9nn1x9VOvWrTNvj6gPS7/yYLOVHtx8zao8ClR0KGDlFdMF6hPVWelI8T6Mo21b4ryjA8JqOiPeyR1RtR0QSb1wnwCLdnNFLJkrqlYNRDvUQqyzC6LqNsKZuvVwZTQLNZZ6Im49siTsk4Yz/KdbEotkEmjJI5EcM513EIl91y6h2tjFeG/mIRMRvjDnDN6czyhvih8BVK6p5pwwwJI7tIT8E3t5zEY0m78Rlx7p/UAfpEV8wZKjpQlUw1Ec/zUyHi2npgvG1yenw2VHH6OlnMlQLr7d6PpoBljdCSjqKwJMgDKg8uW+/n1Q27szdVcPOB/qhU4eo3A26y7FfCH/WX2Ays+Kea95MZeaeFROaj9UZ7Ut3uUyNX26PJ82+3zf1p4ZWHoAmf1gumHVGKUmTZpg5cqVaNy4sfnWgPoHb9++bWqXknkBlWwlgElvCVAlemkih+x3NxKnBgxBQLWaCKvtggSnxrhfsx7u1SBbOToiytkV4Q5kLdJ7ZM3qiHerjdBaVRFHUF13doMf3WX2xjn0q0eRe38m8hKG87xfsrCHUpAMQjHdY0HiOJSk78Oj3LsYu/cg3hi2wOiqXxNEv5jqi98tO2dYqSKwjNaaK+3lT3Hvh7cnH4LLzK3Yc+M8I7abKEiZy8iUgj2DII7rTgB/gez745CcsRl3Sn3RaX8/uB/uS/b5DC7+vVGbQl3mSBfo5N8FLn4dOO2AWoGdUDugmwFVHZ9eFPY94OrVA3U8+6DFvs+xJdSDSiuHOtF6p0DgsstC87Ypde3aFf/2b/9mRu22b9/eaCsllcPT5fm0VQaab2LPRWMJ+XoITe2bVZJ4VNuVhsroh4rs1l8l+6H1lTvzehdrXlEetUEu5zPykb/rMA471EWoW30kONczoIqpXhf3neoikqwVVl0s5YgYslkkGSvGhdqrdjXDaBFOdXDD2R2n2zZkwQYRRCuQFzuS5x0BpA5BWcpg80JEKSO05LBFyMy+zPiwBD12HcdvZhzBS3OCzUgGRXoGWDR149jAemUedRftN7O9UH2uD1bcTEIiXVNiymGkxUwgI1LHJPcliAcQxEOQHjcGyfkHEPBgL+pt6oB6Pv0skASQiQgwmaNfzyfACmj/GFjuAZ8RTL3QwP8zOB/hMpmu3s5emBG8DCkMBXLKnjRyKk9VsW02UgXXcGUN/lPHtL4p/9FHH5mhNSr8HzWw7GSzlJhLDyYXKeqVK9SnDkXL6nFXRKh9pbvkFk2fYCE1WBmjnKIcAouC/WE6bg0bg+PVCBz3BohzckN4ldqI+tQJD13rIZ6MFV3jUyS5uyDa1ZF6i0Cr9iniKVIfUMTfr+GEuJpuOOVYEyUnthBMB1DIKK34viJDusL0L6mxRiAlciJS4/cQEvH6iiiW3svG7+d444UZjALnB1ntWuXRoK2xbGCJsd6Z5YXWW84jkASsV0VjM84gPmYlcuKn8pqjUBj/GV3iAGRQ42WW+WP7nQ1w39IFdX0Y/nv2QL3A/nD1tsxFYJPrkzuk7nJilChX2IBRY90jfVDPvx8ceYx7IAX/tm4Y7zXHACu71AKHCtN2cTK7bNRIql8v03YlNT2o31DpR+0KZfYNKumk9nolPaSApK/07d2716yz21C0TeJTHc0FhfpKMUson8CKvo+jjVsgxMkVoTVr476jK6JqEkzVHRDvQK1FVoplRBjnXBORznSBtWsgzsUVj9zcEVfbCQncN7GGMy44OSJ+63wyyFGUxqhdaQSKH3yBrPgxyKPAzivwF8/gSMhNdFy2DdVn7sJ76iNccBxvLT1thLmiwT8GluYtnfXOLB98MuswGizci3GeQbiWm0jHFEt35IfMxPnIiPoCJRTwWUnjkVUWhO23NqDxzj4EUjlIAvrBzYvRodfAcoB9hrrUWNJZan4QsOr6it36GK2lY+oGDIDrtp6YFrSErjATWSU5Jv/tfLfdoZ3/+/btM53++r6Wmnv0nVPpLlV8lYtdVv+VVQTLt7FnBpYdjdgPYzOX2Ejj2/v27Wv0lZocpLmUxFYSk9pfjXymLaaIMU5eDqesWbfv4KibG2KcnBFe0xLl9yXMCaioWk5mGl3zE9rHdIvVEFGzBh66N0SCqzuZqzqiGSFGkb2OOtbA3QWT6Y5OIDd8HF3TaBQnW0I6s/QKrmfEYvj+AFSbvg2/m7wbr0w8gLcWnMIvpwfh5bkn8R8U769QWz1xg0/Mjg5fn+aFd2Z64MVRG1F9ykasv3QDSWWPkJF1HCmxS1CYOAHZiZORVegD//t70XwXQeLTH05+3eESIPBQa5GtnHw1tRhLYl6aS67Q0b87HPw4T/HuTCarQ6DVIziXX9mOZAIrUyNB6AKVlypQu1zsAlbSz+epS0ed/3v27DHrlFRG9v7/ldnn+bb2zMDSSZQ0FbjsZbk/iUX1rOv75YoKldSVoNqipOOFQ/02DVeiNJuikutw+SpO1atvQBXvVsdoKoEn2qE2weZqgBNLNxfnWJ1Aq4YERof3qtVClNisXh2EOlTH9eqfws+hGsIWzyJybyA/agpyEscSVCtZyy/iStYjdFx5AL/5ejvemOmLl6Z6m07oFxUFLjlnBvO9Mec4QROId2dST82SWJcLtNq0BDaB64WpPnh70SnTZ/j2NH/TJjZmty9iC1OQnXcB2UkrzCtlelnjWvphtCbbNPD5HHUDe5k2Kiff3nAqB5bcnyJDRYoWsLqgln9XM1/ds4NhMXcyW5MdA7Az1FPNpMgu0hvTVteYPgelmlqmX8YoKe/EZ3nYYt189Jf76c1qlZXdDPSnTMf/OfbMwBJDCSi6UXPzPKmSOkE1clH9VWr5VXeOWEruz3aFCgaL8uj+6A6t/gkeq7d0wiNwomEL3KruhLs1yFguBJKDA2JqC1jOiKjFyJCRoJoY4lycDdDufloNiQ3cEe7GKLGuA8IdayGg1qcIW7OAF7mJ9LuTkJEwnxI9GqeSktB40UG8Om4nfj3NA6/NP4r3GAG+OjvIdET/bvV5fLTmHN6d4YlPpx5B0xUnUWXqAbw+fjveWx6MN5cG41fTffHqTAKMwHt7/im8Ou0Ehf9JarRjeG/8NvTd5Is7WakoyDuDR1FLkZG6HqnwwdRT0+CysStq728Ht6M9LEARWBZzWU0MApgxslr9IK737W7EfYPgwXDf1w/ttg3HubRbYByOglLKCX1bvpiSQ6xP9rK/M18sK7baqgQqbbf30/uJ1g+F/ucyrWhPA+ab2jMDy45EJNqVtGwDRxdQFKgXKuUKu3TpYrYribn0G4J6j7CUkaGYy4BTX5CJvY9jrTrjTp2miHGrZ7FVrVp4UIfCnC4xgkymaFAMJjYLJ+jEbHerVTVNDiEElFxhALVX4oG1POc1ZNxfZVraLz6KJlMdwtuT9uPfx3vi1UVn8G+TPPHyTLq/WX50gd54afo+vDNlJz4YuR4bLhfoCxHYeqsMzpP24K2JO/D2Qj+8uSAIv5zsZcZvCVjvL7qEt+edxa+mBeKlyR6owWix1+r9SCqKR1Z2AKIiFxAInvC6vxUdt3+GVozuah5sbwBlA8tiLRkBZtirJ2od6oCGwQNQ/XAXOB/8DE12DsKMsxupDNPBOJzAykdxCcEiwNCMpCisDFjloCq3Hz2wJBwFFmktTW32sgFkay699q3OaJvhdPEnbKfhMcIUGYvnQ/IjhEyYhGOObgij64tSLz1Z6171ahTwtfDIpR7FfG3EUpyHUUfJ9cU6uxmBH1O1BiKqVkcCGc+T7hKhgdQ6nqb/Lrr4Jr44cBi/HjIXHy4Nwqvzghn5nWUEeAmvLzxjXut6Z8ERvDtpE2qPX4ODN/MQ/wBYufg4ImOA648A9ykH8frobXh3URDe5P56ueKlGYGmpV767EUC6sU5Hnh16mG8OXwppnr6IqEsBvEPd+H+w3VIQCDmnZyEZrt7oz5dohsFu4Dk+LjZwQaVpbXcgnrB2a8X6geSrfYOIChH43RuKNVVMVKyMh6PgS8uIQsJPEX6smE5aJ5irBIBypj2/e+7c2RPA+ab2jMDy3aBSgKXgKZks5jdj1UxCXSPAUYvyHx4/DUZc3weGe/EMewl69x1rYfITy19JbcXU4OAqulkIkW1Y0U41UBY7erUWA544NwAjxzrIbFuQ1xydselfl15rhuICN3D2h2H9Sc9UX38PLz79SZ8utQPr00+hDemH8dr00/ihUlH8MmKYLPNbepWnH8IxCcCi0buwsSOSzCj31aEXQNupQBdV57Gm2O3kKG88Po8f7w8J8CMh3+RjPfKAuqwRVb/4tszDqHa5FXYcv0ishCCG7eWIiXPA3dyj6DX7sFw2NgN7p5ydWok7U09JYCVA8u0yHdBbZqTN13i4X5osX0QVlzZS9FegHSCQ3Gf/XMqBlwGLDZgKgOWBT6B8Ml+f9qeBsw3teci3m03qGUbaJpXEoC03Y4eFYlUZCx16egLffoyn44wY4zE4+kpODt6FI5+6oD0xq0QSa2lhlCJ83vUWved3HC3SlXqK4Kudk3cr+GC6KouFPINcbNuPRyq4wQEbDcRYTrt7oNQdP56JqoOnIfqY7bgg+Gr8f7IDfhg3D7UUNPBRLq+SVvQat5h3EgDYkKBKT3W4etG87Gi6zbMbLkOY1utxoWjxYilLBy26zLeHrMKb87Yg1cXeOKVRYH45Wxf/GoKtReDgDcWnsIbBN3bU3fDZfpyROY/Qmr6OUSFreFTnkFQmj/a7xqGBkcsDfW4BV4NpYoY/dRY2sUwlptHNzTd0Qdzz6+hC0xRWzv0nXh9gUeV0lg5uCzjPAEls4H1BHQVwfffW0WwfBt7ZmApCSwCjcwGmaamAZTspHmByU72OqV8ukG9Qq/M0TTH/JQtF/RmztVLCGjWGlfoEkOq18TdTz5GlIsDYuu6IpQu796nFPBkKwErvpYbwqu54LqDC4441ED4/PFA6lWkh+pnQuKQnJGHy+EliGCAdC6BpyZ4zqcDu+8CQ7ZfQtUvV6Lf+mBcSuL2kwWY1n0LZjRdg2XtdmNVhwNY2noPFnXcg1HNluPw1kiyBjDV9y5qzNyOF8etpUY7jN8sOY2Xph0l+9HN6k2eOUH43bITeHPMaiw8ShFf+hAJSd5IzPFBLMKxIHIrgUWx7mc1K8gMqMhWApUYy8mrM9z2dMYsAvI21Z4iwUeZD61IWoxEs8BlMVdBudngsoBlgesJ8P4CgCXW0VRJYJHr0zolrRegNNXFBCjbtE7AsxpXuU8hmS9X4LRGQ+oDISjMRr7PEfg0a4yrjo5IcqPmql7FtF2FV6uGBBe1bdW0unWor+65ueNy0ya4M2YQA4BTKE06iez4M7yxNATvO4ezhxJw1SsbAVvicOpwBg7uisTV0BKcjynB2JVeiGFAevVMEYa3XIElHfZjRWsPzGy8HzObe2B5lyAsbueBuS23Y0r7ddi84DQyWAcW+N9E48V7qcv24XfUWL+Zd57i/7hp/3pj8Un8YroX3p17EI0Wb8cpPtNDMs7hyJ2YcXkuugYMRl26OQFLZndIq+W9rjfdpBddoGdP1N3TDUPPTcO62H24hQi6VX0vjDdb/j0H4/IEsArAssFlA0sgq7je0mH/uTyftqcB803tuYh3CxzWTSgJGGIve5uSzVrSXnbSMab/WZUvjwymse7qiOYD63dnoJ8syaRiPhWMmLbtcOPDD5BEnZXo7IAEV+otAkrNDtJeEY7OZCsnJH0+ALh7kcddR9y1/TxxErKikjCr3woMd5+DcfUXY067zRjfeB2+aLIYC8bvQI4+FcHbvBCYgoldNmBa881Y1tIDq9oEYFG7IMxvdxQzmh3B/JaHsb6LN+a32ISvWyzH8gneZpjPnivpaL7AB2+P3onfzgzGOwvPk62CGRQE4yXaW/N98Oa41fjy+FksCvFDt70j4L61PVoE9jVAMqAqZygNoRGwbFBpIGBLv0Gou6s7GmzuiUGHvsbxtItkrlQUFOdYrCRg2QAqB89jED0GlW1PgGU1S1RerrY9DZhvav/tDwhUdrHnafoUD6GIUo3uI8AEPtMeIwGfS9a6fA65yxbjfpt2CK9BdqpZEwmMBu+7UsDTIj79lEJeox2ccau2I+40bI70r8cCp+kCc/UpSdZsYnNOj41Y3Gk/FrTdgdXdPTFPbNR6F/ZOC2IUylhh3W2MabYIi7vsIzMdwqr2AVhJQC1s5Yf5rWU+WNjaC0taeWBJ6wNY1GYfZnfYjUk9tyM2kqKe4Oyy1ANvDN+M16b64IUZNGo3vZ7/W0aV78w6iPcXrIbrzimod2SYGTZTP7iv5fYMSz0BlWXdTfdOnSM94XKITObVh0K/H9wZTXbdNwLbQvbhIcGVI8Wl18FKy5CZnmF5DOaoXsVndTcgssD2BFwCmkD1Vw0sCUn7h7wVKpcJCHrNKSkJEatXwaN9OwS518MVujq5u1gnZ7q/WgitVZ1mu0Mu166B2xT116o647xTHVzu1QHXZ03keXhuRnjTW68jMPZTM+3DivYemN+E1vwQ9nwZjOC5l7Gg5QbMarABa7v4YEGzg1jSxg8LmvtgUSuZV7kdMbaEtqyFBbJZrXZhTNvVuH4h2+iuYdsv452Rm/DBwkDzdZpfTPI2b1K/Nc8Pv1+9A9X2zUZNzy9QnUCpbVrZy5sVygFlj8tSG5asUSDB5NcXdYL6G3M83IOaqzv6BozFiuubkVAu5nNYEdWqroqp/tc8Rn85Atf/VGBl51Iv0A/llDJTShgRZlBRR0Tg7sTJONGsJc5RuN+u5cKI0BWxznUR7uiKO7XU8cwo0cURMW5ORsxH1rXavEI/IXNVIbhq1MbhOnURuXGnGXqwottuA4RlrQ8a7bS8pTcWNTuElZ0Fll2Y6rgeS5tyuU0Q5jX1xrL2wXR5Plja0su4RdnSVoewiMcubE1wtfSheRGQB7Cw0x5MaL8CpzzjkUyynXXkDqqM3YR3p3rgvaWXTd/ja4t88cbSDXhn7QQ4e40jaAaj1iExlJjJYiiZmhoqtrzX9WdU6NvLjB7VEBpnnx48rhOcD3ZG6339cSg2EOQppBVlQL+Gpgoq+aEfWtC3Hv4oUiwHmID1V+8KNR5LzjAfVKEFDNliYhA2YTKOfFoTN2q7IF7jsQiuGAc3RHIaSXBFOHHqRLBpuAyZSsNm7jm7cN4ZcbXckezYCPcd6uJEbVf4Dx5hgLWhzwEspkYSOJa1PIS1bQkMMtbC5gRaOx+sbROI1S0Csax5IMEUjMWt5Qb9DbBWtPCgHSoHFo9p42EYTMy1qoM3VnWke2TEONBxCg6vvmx+22fN8SQ4TzuAl8YdMKMlXph9GK8v24rfr5uFartGo0nwWLhImFO8267v8chRgsoyCnvvrnD06gLHI10JSO7j18OMjVf/ofuhHhhw8CtcyLqukVlIL8ywQERg6UVg5WvFKLAisLT834FKVhkmvon94MDicxpdgDJWdQr1xLkL4FeFWsq1oWkIVZNCaPVPcYsiPbS2gwGYhijHO9QxLe0P3MlKYrBqtRHrWBcPnesjqaYL7lepgcsOzrj41TggvhiLO6zDnGa7sKItGarpPoKK1lKukQCj21vZiqBq4ovlLYKwolUw5jb0wtwmBA+ZSeBaWs5YS8pNAFvU5gBmNdmGlR2OYDFBKpBNqL8KW6acRAqJd/+dXHw0biN+O9cD7ywNxMsLduD9tUuomWbBxWsogaRx7eXNCwSRaRjVCAdqK3cvC3R1/Xqa18HEVA6eBBdBWCeA2wJ7oYEXbUNXTDu1hN4+nYI+3fwEjES8dJaAZdqsTKu8wGUxly3gKyuPp60yTHwT+4GBZUU0igaRn4kUj304QgGuzufUOg0JEAp06qY4NxdEu7si3NUR0bUcEE/XKGDF1nZDomsdgo06i65SLJVEd5jIfWKrVcN5ustb06YC0blY1mU95rbYg8VtjmApXdniFgQWRbgE+ezGYjFfLGlM0DU8jNVtCTIuL2zmSWayXN7SljzOGNlJ4OKxts2uvwurWvphTWuB0gvj66/G9EHbcZ9Bw1USccNFh/D211vx4eID+O2ipai+fRbqeI+0Opzp7mwTsAQqiXZFhTINSXbzJ9hoApdYy4WuUwBz8+yOJhT0zTb1wtk8i7X0RRrKLAMs/Zqr3eJuunoqAOubgqsyTHwT++GBpV+a0M8thNyGV6f2OE7XFlPHDeHVCSi6wuhPaiLRkUCq54boOup4roVYjXWXWySYbv7hE4QTgOG16yCsmiMi1K/oXBsRLjVx1LU2wlatBiJzsab3DiygvprDgl/WJfixEJ/e+CDmNj+CdR0CsKLZYSxssANr2nrQvXliCadydwZY0ls0zZt11GsC2eJGdKt0oytaBpAJfQhYXzKZJ+bQNY7ruha3rubp8hiwIQhvDJ6Oaku3wGnXOoJmHBw9e5kuHLW42w2jcouPNRcBJiCpS0duUlpLJkA6+vBYWoOjA+G2tQvmnlmFOPIWecnkqzyBmnxMQKQoWyMayoGVX2rZNwFXZZj4JvbcgKUb/K9u8r9aLx9fos9DZucgdtESnG7aDLdcnBDlaA2PiSUTJdZ0wyOnurjv7Ih7NasScJ+UD5+pg3u1nKm3apshMnq5QiMhohkl3uS+Z+vXhXe7DsC5UIK2DHPabCKACCK6vaVdjmNWo73UUZ6mGWFBK4r1Vp5YSQ22ug11WMu9mN1oq3F1pnnhj4BVkcG8CMJgLGxEsDX1xZr2x7GYumxWk0NkxwOY2WYrRrecg0tBCXRSwAyPy3h/2FS4rFmE1oFTCZqeqBXQnWaNvzJdOEZvWdGhYTAylYDl7NXVuMV6/p8ZcDn79YEzxXzVQx3Q1P9ztNs2EKezr5nmh/zCPPOL/WqntoElk0tUp/U3BZWsMkx8E3sOwLLE4ONQ9qmb1XLFh3ji6y2KRiEFe1wUjrdpj2sU5jF0bVE1a5oOZllcTQpyWgxdpDqi5Rpl9nKkUxXE1P0Ud2p8ZHRYWIPG8KVL9Oo5hEyVh5KLpdgyzA9TyUTL2h/FPAJrLgG1vIMXZtTbVs5c0lJPu7tytipnrP/KFtEFypa2kFlNE4oajbU5hPntdmJU08UI2huBLAZtW09fRdsVE1BvR1/zcqrTsS6ofrQ9avq0Qd2gHqh5oC2cPbug3tF+ZlSDzWQVG0+fAM8S8+4EmRpQJ19YikdIYSBk/e60xv1ZAl35LVDlP/59R1MW30C8/3dWGWZkzxVY+XTuAlBFcD3tz21g6eFQpG6JNGQf2Y/jdRsgwtHdvDgRW0vjrawhyPfJSjIbaEZzUazfr6X5Wkht5IJYt2qIaeCCW/Xcsf+jWrjxxTQKdgaDx1OwuNcuzGixiwXuQ/d2ggWuhs4jpi1rUfO9/y1w/pRZIOL5WlUAlpojGDVKuxnQMppc2cOT4FqItdOPIJvgOhp7B912jEL9fdRMvh1R5UgzuB8nex1ph0bH+sM9oLcR6o4E1H8JLLOO83SjxkV69MDnxychmg+eo0E1BJYZk6XyYSU2oCrLewws4y3+GoGlh0UhgZWWhFMjv0AQBXs0Izq5v4ojRWNqi62cEVUpsBgJUqQLhCENmsDHuSFCxswDYspw3ysc8/usw+Smq7Ck/WFGf2Sqph6Y2+iAab9SU4NpmyJDVQaab2oW2/lgGUGlRlOB6QmwCDxeR0HDvI67MLnTWiyfcgjJqRT1qQkYtGcq6m7vhlanBsOJLFUnoBccPDqZiE/tV7U8OhpWqmhPGlAtq0P3qFfJ3L37oN3BwbhWeIfAyjbNDYXqSzSD+WzGyjOgspsf/mKAZbvCisDSvA0s2R8BS63st29iX6PGOF2DzONY10R9950pxh0crBdTHQQq9QVq3gKT7QoFuCTXBrhGHba/OsX75KVAVCkidt3Coh5rML7pUizpYLW0L2hJt6QmgTZkLhb44qaHnhlUtpm2ruY+NC4LWMYVlrNZS0/Ma34Aa3v4Y3GXAxjdZBnmDN2BeyGZCM1Ow/Ajs1Bvcze476cQ9+uH+sF60cLq5qnj38OwkgUqq23LapEnqGzGUtSoSNKrNxpt7wXP2CACi9Aq1MBLgacisCyNZQPreVhlmJF9L8CqaAKWDS5kZ6F4/yEcruWCEJeGiK7paoCl5oWQmtUQ5epiOpdl4U6M+AgusZkNrAgHV1wlqPxdGiN6yUbz4b+7e+9gdufVmNNyE9Z2YaG3OYj5zXZjPgX5inaeWM0CVwv7IkaCSwiyyoDyrYxAEkBXElQCluYNa5UDS6y1oq0f5jfejyUtGEUyQJjabBOm99yAqNtqeyrEnOOr0XRDX9Tb3xctzo40w2eqHmqFuhT2BjwEksBjTPPGFVqd1i4+FPW+veF2pCfqb+uGZec3mmaHtHz9fB/LkMAy+U1gWeCiKywviz8uxz/PnsaLbc8FWBXB9RhAFWjWXmc9jAUsRSvIzELs1Nk4TbEdV7cZYqq7WO7O1dkCVl0XA6hwusUwRnoVgaX9QqnH1Jiat3gdNVUmDi/djxEtp2FKm/VGPy1jdLa+UwAL8yAF9j5j8xvtxtLmHljRgetZ4JYrewYrB5ZAtaLFE+Fv6S8vzGlyEMvb+GIFddjyZt7Y2O64aWhd2HUH+jUahRPHz+JmRiimn1mL5vuHwuEgwRPcB47edIM+HcuBRXsMKoGtC5z8OxnTZ4/U1lWH7rDh7l4Y5zmT9Ssb6dSvKhPlv9FT5ZVZZVDRgzwpxz/PKsOM7JmBZVHtfw+sJ7WkHFSFtLQMXOs5ELcdGyLetRFia1rAinJxRJgDI0M3C1CyJ4xF4FFfab/bLm4417QFEJuEOO/jmNhrAqZ0X4kZbXdgvvtubG0TbFzfohYHsLDFXixutZ+F7IF1XYKwsutx09TwrMASOwlcywiqp4Flzt3GC3Mb7+N6L2zuegob2gdjTWdvzO6yEYtHrsdnHXvjxM3jOF1yB232DYProd7GHeozRvWCLMayWuatLh6Zo38X8wq+TPu5UejXD+iLRvt6Y/D+cYjFQ0JLzPTHwJLZ5WObXUZ/rlWGGdl3CiwbXFr+T8DSSNGUDJxr3gERtevRDdbBfYc65lUutU2pH1CdzBZjWWY0lkQ7TfO3XV1x1KUOUhcsAULiNFAUWReAvWPPY4rDRmxrdxIr2nhjaTvLJRpjwc9vegCzmx7GXAOM/wyWb2oWeCzXJ9YSuAyoGBnawDJukdec1/ggFjbhPq28saTzQQSsuobsBH1NINmMUFh0azua7htEEd7XiPhqe1vAxatTOai6m05pG1zSYLUCu5j3DsVYDoc7oMnxAWhAYPXf9xVCCK0cKM+fAEt5brHWE1BZ5fFsVhlmZM8+5r0CsIyV37ANLI0WVdeCgKVPFRltxeMYD6P43CUcdahHFnI33TFRNax3BAUqNXrq9XmBTEwli6ZYt5ofLGCFksmuuDjjfJNW8G7RDZcnU2c9AlYPOWIisRV0QWITu7A1VeRmhryUA+NpsHwbqwgs6zqcN6DSOqsxdQHBtri1N6d0jRTyyzr64KtmKxByMglXw8Lx1Z45GHp0Olr7fglXz75w9CJoPDrA1bsz3R41FIFlmhxMv2JvI9Jltoh39+fUuyutG5p59ke7zQNwIuMqqLCsysx8/osF1h+Bq/yGbWBpH/W228AyP0erUaU8puDYGQQ7uJk+P7GVxlsJWPpaX6RDLU5rm1Z4gUuR4dPACuf6u9we4t4A591b497oxcADYMWQPZjRahuWtLcK3i50gUFtTWoasDqWKwfMt7GKwNLUjgjVaLqEJkAtbu1rpgtaeWJx5yMY3WIxrp+NxumYm2i18XM08f6czFM+PiuAQCGQGgX1QuPyl1WtYTQ2sD6DO4FlfZyN0aAfWYwCXv2Hjb37o/WWATiaeYUC/gmwVDamPP5SgWXAVX7DNrCs1731Jk65OxSw9OGPwlJk+QYSWK6m7y/W0RUR0k7lwNLgvRiCRsCSCVQ2sKSzBKwospp5mcLFBdcc6yN66FTTMLpsyGZMbb0RCzuwkM0QF7oqgYmmwrbAJeaSC6scMN/YykH1BFjl0WDLQEaBgQwieN1W/mYqxlrSScBaiGvnInDi/hXUWU1359kdtclUahCtS2BJrNfT97DIRGIr86KF3t4xzQ0WW9njtdwMm3U24Grk0xfNt/aDf+ZFAqvAtGX9EbBMRbfKyCo/C2jPYk8DyrbvHFjmWwJlZRZjlepTOwSVxrfnFePBvsMIliB3dDAjQwUsNXaat5xN63sFYBFIAlbFBlMBK87xU8Q61zIjTCMGfgVEl2DpoLWY3mo9FnY8jPnlY6csYKn7hYUscEkTmQbSSsDyLUznkVnAKm+7IpCWtDhqTIBaxmsubqYOam+6Qi+MIbCun7uHE3GXUG+jGjnL3yX062EaRp09CRQPivOD7Z4Aq8JbPE/WdTPs5uzL/QlKAavRls/gnX4OGQSWRjo8YS2rvGyvYi3/hQNLYzg0olE/MPQYWLnFiNm6i8CqbQCkt5o1rsqwl0NFYNUqd4UWsKJru5qplvWyaozrp7jnWh1natXE7QGjCKxirBi4HrNbbDSjEwQssYgNLBW6umAEBBPBVQKWb2P/CVg8t8C7tPlRWiABRWaUYG9Ktmzubfoov2q+GDfPRuFk7DU02sAo0FufKupluTr/PsatqeFTU0tjPTF1VMv0kTbrQ20U8ASWq39XNPDtgwZbesEj7TTSkcssVt+gJeINoMrNKjfajxlY+vkNmQ2u/wQsPpTAlVOQ/8fAyi/FvTUbEOxUk66vpgGWXpvX961kNrAinCxgSbxbrfCu5VMbWJ8gzK06TnH/25+TsWKosT7fjDnNt7JAbc1juTyBS4VugFUOiqeB8m2tIrC0bHVK+5uRqMuak6maHzb3sawp92vuiZXUfeOaLcXNM9EE1g002dgPDfw+Ny9LOHv3Ml/5M8wV2NtEh1ZUWA6wcjDZbVgufp0MqIwFdEV9vz5w39wNB1OPQ5+R1Jh3a4hMecT+FLCMoOf06TL9NlYZqGTfObDMoH0+VFZergGWiQqlsfJKcXfFGgtYztUJLOoqAiueoJIJWBLv4XRzEulWOxbdZQVgRTnWwH3Xambs1YXqzgjrP9E0OSwfugezm+8wYLLFtQUAgcES1QZozxNYZtnScEta+GNFMxrd4JLmB7BML3E0O0BgH64ArFiciL2JRls/R72gwXD260uwkK0C+xitZT5ka775/oS15Poss5jKMJdPJ+ovusLAbgZYdTd1xf7kYNNIKmDllj0Blg0uU24/dmDZrvCJO7TXl1tBIUqLS8xLE4+BpTYsaqyQJStx3JFsRbtPYOnVLhtY1ggHi7EELKvJwereMezFbRr0d5+ginR1wKXqjBI//xpIBJYO30vG2m1cjylwsYkBl4Bg2xOwWW5SoCgHommaeHKMDSIbPPb+T86jcygoEGh1nied0gLW8lYHzXRJy4MElg/GNV1hgHX8/k24bSKQAgaYD4IIWPr0tiJBAUpvQdvAEqD0ITbrY2zWOrNPObDc/HvQFfZFnY3dsO/RMaQgy7wCZjOWzVZPgGW1J/5ogSUw6SNfeuVIJhBZVmZMbzgXFfAGuE3tWRZj5QE5+bizcKlxYfG16QIdqKMILHXXxFFj3a9JYU7NJebS8Bn7c0WmfYuA0hvQskiHmggjsC5wXdjQ0QZYi4dtx5wW27GilYSzL6Myb8tae9IOl5saK7ksADT3Mwyj+YVtDmB+uz0El8a2e2BNO4vdVnXSCxa+WNiE8xqCzGP0Qqt5VYwAXtk8mKx01IxmmNd8H90tXSCF/HJe32re8MCyNp5Y0dof4xqtxu1zsQi6fwnu2/sSWP3gSNfn6NPDaCszzl3dOBTm0k5yc040h0BGjzSnAHVO6/ORveAeSHcpneWln0fpj0bb+2N34lHCSj/mnmskrn60Xb/6ocqfn2t9pA0oNm9FPQ8BX5k9F2AVFOpXUPONmW+0VwCWARf3MW9HaxSjgFVIYOUVIGzZCpyqaTGUwKTvtasvUOLdApYjYmtKyDs9/kSkQCUwWYAjmxFooa5OOOdYDaFfDLeA9cVWzGppActmF7GIxUbWSxACjc1Ihl2ohwyw2u77I2DpJYk1Hfwxn/poRoP9WCzB3+oQZjbYivEua7CmVwBWdKKmIqgWNw7AIrq7xW0PYlFbS8wvp1sUcA0LtrWA9XUFYNXd1sd8acaJ0aDextELFO5qz+K86WQuF+pyf2ppN4yloTLen5m2LDVPmF+2ONID9Y/0R8NtA7ArIYjSnQDSt10LipCbQ3ZitoNy1/xmEcugpJRRY75+8uRHCiwl1QoNLJO2kp6SYBdL6VsMehgxmnm9vkBDOSjc9asTufkIXUZXWMvFjMFSNBjJyE7uTc0NAo2aGCJr60UJF0SrH5Hg0ugHo784fQIsB5x1qoa7AlaSxViPgVXuviSqTVOAxHx5E4Rc2x93GpcDj2a7Sr0eZm9Xq/mc1tuw8rM9OLnmFm7sScDivvuxsKuHafxc2Iyut4WnYUKZNc91BLDG2+vbD8t5D183WklgxSE49grqbSlvn6KmMmOyvLoatnKivjJRH0GjzmhHP1ln6i/rTR0XCn2Nw6qrSFFdP4e7o+Ghfmi4hYxFYOln6EoILMtrsIDMSysCltVNpx8vf57DZ562Zxfvumcykt4P1A8CFDDikzAUoNTMIPo1P7bEHfXpbf0iqPmSBRkrfOUaHNULE45uVh8hXZuAZUQ7AaNRDeHcboFLoLKAJeaq6B4FLMNYw758yhVajaBGOwlYjAatBkxpqT8G1vw2R2iWxrKYzDJt01iuDT1OmsbNiS2W4dzmO0AmHy8WGN92Baa13U6Ws7pu5BYXN+U5mx2hG6Sr5fkXUmMtoIBf1PawuaevG6zArbP3DbAabqPb0+gEspDGtZu3ctROJQDR/ZlRo75WBGiAJm2lUQ7lw2g0Zsuwm0cPNDo8EI23DcQeukIxln5VzfzSvd4Dk6lMrHpvSRMSQWVl+jzsmYGln5LVp4jMD1rSBCz9UGNBHmsDa0cetVQeQaR95QoNsDgVY91euhxBZCvz8qmTE+7Rxandynxim6JdoxruEXD6BQqByHKDBJy0Vrlp/T0XJ1zUh2wFrARg2VAWdPNtWK2CbUHGkXtq4UuA0MggpmuFbCJGsRlN32eYp5EQAlw5uGQacbqwmcVYY9xWYcMoD9MfWXofmDtwI8a3XI0ZrXaa9jKNZDDnbEI91UwjVPWS6wEzqkKv90vbGWA1XGaAdTTmMoHQi6xjjVt38RbA9KqXWtXJRIz06nEqc6ML1LIAqPFX9Wia6h1D8yrYkd5o6DEYjXcMxu6HJ4zGkoaio7AARcai92NFpxJhRbe+S1Z5mT4Pe2ZgiY30UQq9IvlYvMuPi3Jp5gW38kR5b30ERMDKycPtRUtxVKAhsMJcXBDCaM8MkyFQQpydEOpMxnoMqppksZq4y+jxNrfddub+PE7As4EVPpTAigeWD9mOuS22UGRLJ+1mwe41IwxsUC0gC0lcmzejDbC8CCoadZFegLBeSiVQxGhGn3mZt3pW9PZAwinqwzTgwOLjaFdlGBZ0PYAFPG4uz6cOZ7k+gUeA0qv7i9rswYI2uwlc6jZqu2UE19hGy3DjnAUsMZZYqr7PZ6jjQcB4MbLzsUBmmMwYRTxZTMv1vPuggVcfM3XXT6HQpK/qHuiDJgeHEKhDDLAypbE0sI+VnvXd+rk+fdyO81qXzfzPLa/w34U9F40l9Ofk5RpXqPBVoku+vTC/yDBWdja35eYiI0tfTc55LN5j1q7HCWkmRxfccXXHVZe6uOFaD7dc6+OWs7sZyCf3JyEf5VCdyzVxzc0FF+vUodXHNR4jcIW6cp1DDUQMGWnasZYN3Yo5LTdgWbu9LPQtmNduGwt3L+axUOe1OUjbTxDtMqbCViQ4j4J9bnsCoN1OAwa5QYl6RX+r2zP64/Fzu2zDnP5r0K/Bl2j3yWBMarseiztaL7XqAyILyYrSUMsJNJ1nVttNmNN+G2a3225sHs+/oN1+fNl0Ea5QvAfEXoXb5q6mr7Dhwb5ouOczNN5HnXSgP+oc7E3A9EJt6iiZfsmi7uFe3K59PoP7oV5w47Kmdff0RMPtfdB852A02TAYu+KOGWDpFz8e12vO6KPUmkq+qMxEBpWV6fOwZwaWqFY3aYR7+QMU5OQi5PZdBAUcRaB/EAICgswve548fQK3bt1AclwMNUo2olavNcAKdXHDiUZN4Nm4ObyatYJv09YIbNgMF9wb0T1S2FOsi7FuUEsda+gOz2ZNcLhZS/g25j513XHLzY0aiy5yyGjDWEuGbaHuWYsFnbZhZke6qk6rWbBbMbvtTsyhzWy/FTM6rsG0zisxq/M6zOiyDtO6rcS07ssxq8tKzOuwybzhLH2kMVzTmm7A2KYLMP/zDVg9kS52Itlw3F5M67Ge7EON1Wyb+SzS4rZeWNzmMOa22W6uObXrCtoqTOE5p3Zejeldea2uGzG41XRcuBgB39hLcN7QCa4HuqI1o7n2a/uj48bPzdCXplv7ot7uvqhN4Mjc9/ZCc4Kn46b+aE9ruIustYdA29EbzTf2QZs1fdFx/RC0XD4Iu6OCCSxW5rxM8433+PhEnD17Hh4envD29sXp06cRei8M6ZkZlZbp87BnBlYOKVUvRyoqFLDi78fB39sHly9eQcojfdFMaKNvLykxL1JeunQBJwN8jSu8Mm8BLjYmoKp+gruLF1pfmkl+SP2VDVy8gPXudXGlTj3cr+Nufp/waK1qODlsEPCA6NG3s+JjcKiuG864OOIUBX+IGIsaa94XG/Bli/nIvs4L61fs6LqOrw7BMPc5GN1oIc5vjbbWyzJodA/5qQUoSmOV5vL2yYcxodFyLOm6FyMazcDswSsQdoFUSLLVt0vsCKsgBQg9logFn2/GiAbzMb/rTjLfZmwb5Wnuo5SPYt5UlTErdB8ZkcUI8DiLzXt2wzMi2HqRYksXbLiyA8kUbw8Y1j7g3Pqru+Eyqx1aeo1Ec8/haLK8G07lnDPb4xihdN/1BRqs7oZuGwYhBDH8l4j7PK7nki/hGX7KiPfMVIpB5v+1a9fMT87o9wvlVR4mP4Cfnw+SmdcqQzvZH8XTGDq7ofPp8n7a7P2etufiCk0jHKPCh8mPcDz4GBJi7xMbvEmBqhxY2ldKLDQ0BJfJXEZjrVwFL1dX7Hd1RtrZ09qL5UYKlA5LTsLW3j3hW1vDk+sg0q0O/CjcvUeOICBUSizd1AfY1rAeTrg54zi1WchgMhYLdC6BNbTNTKQweGPcDRCnQeuvYEiDqfiyySyc2RFi1pepnbD8/vRrDQKL9t02/SBGN5iHia2WY9usQ8h/wHuyRXAuK4kAyeP0+fCspHzcORmFJSO3YlSzOZjceinWjthpzmPOJyDy1AXJ5cfx0ShDEZ+ehOFrv0bDLb3gurID9l88yE051KnZyCpKxt3MUPRfNwouK3uhm89EdFj4Ga48uowCIj+V8Oq/YzSaLOqKASuHE1JJrCP6JEgG+s8dCb+7Z3guBlM5mSgmkE6dOGm+q6+KrchczT6hYbdx/oLynDlZVP55zny1M1pgsT/n+d/Z04Cy7ZmBpahQZaNW9eDjxxAdGWUhjX+KDAP8AhEcfJxUfBYXLp3H0aOBuHHhrIkKry5fhnXVqsKzYzsCLQN5vKGo+wnISWepUGBeXLQEO/9QFddqOplfAfOr7QTPL8lKOdyua6SkYkujBgiu40pgOT8G1uzh6zC43TQ8vEskqHAJIv9NZzG48dcY0WwKTu6+Ztar4TY1JQc+h4Nx8eg1XPcPwS2vSKwevhufO02li1yL3CjuKIYiGMKuxGLnwsNYOXErjh48g7RE3ocentsu+odhZIdZGNNsPtaO2mPAZIBI8HrtCMKuVV64ciwE+Tlk+aIC4rME60/vhfvGXnBa1h77L5DldFMlhSiiNmLxY+uFg3CY3gm9D01Bh3n9cfXRDR5VQAClYeD2r9BoXhcMWTSSEWA61+u3C7MxcOZIBIac4zLPVVaMhwnxzP8g3map+ThbSKhqGyP0/GwcPGD9ro6+8WBG+nJqs5ZAJsBVVuYVrTJQyZ4ZWGpKUHTxKCUZx04cNxmtdiw1jnp6eBlgnThxyvxsr4B1/vxZPIiJNOL94ipqnE8/woWpX7Pw8pCenYXNq9YjNYKxPCPLgrPnsLl6bZyq7ojo+o3g7+CMwyMY+RGUKOKFUtMIrIYEVh2cdHLG3UFfGfE+1wBrCh6EEREqXE4CNp/C4CbjMLyFgHXFrJcuDPA5jQa122JI2/Ho6jgIA93HGVbr5/g1gtZyP7k/guNhZDZG956BzjWG4XP3SejuPAxeW45Zz8tdirOARWM3YUCdCVj71T4D5rwc0hWnn7Uagu4NB6OlazecPnGexSp4EOzRF+G0ohPqrOqKrScPcA3Pk1dkfq1DjBNdkIAeq8eg/aphaDf9M1xPCeGxBCaP7rd5DBrN7oKhC0cTUKRRrtNP8w2cPgpBd3UNC1jXrl7GzZvXeb5SRFM6rFy9TFdRIcGf7vBBYpIBgoAkcGmqZIOtsjKvaE8Dyrbn4grVjnX2/Dnciwi3cplsIo11+KCHWTYhL/dVO1ZOThZKc1kKAtbGDfjatSZSAg6xpuYY6v6ybSdkXLlBYLHmpD3A4Y4d4OPghNByYB0aMZwXZEaq6yg1la6wAY7RTZ4isO5p2AwxOe+LdRjabhIehvEcAhZ3DdhyAkMbEzTNp+LUnquGZRS5BntdRpNavfBV54XGVY5uShfYfjmm9lqJ7Hs8Vgjg5by3nEZvt68wocVaLO3ugS8cF2JchyXIelhkNKbOd2hjMLrWGo6lI7YZMCu817XH9Z+GAc1GoyfBdWS3B+OWDGTRJR2NuYhai1rDfW03rAnabbxmAd1raGgoXZbgkoedFw8bULWZ2BtX0++Rkwrp9orQc9NINJzfDYMXjeF+ukm6Pvr2gTPGICDsomCGIp4jMNCfIj2NSyW4eusaJk+dZJp8SkuKEHEvHOfO0HswCUQ2Q9lfwv5BGUtJLbmBR4OQmk51KmDRBKp4ujXNK7yVD5d/N32F6tIhsI6tWY2ZXdpSjMt95qD4YQKGMQpM8PCmyqUoKcjE7YXzcdC9Pq7VrY8AZ1d4DBewCBgZXeGOBg2osergtOMTYM0ftg7D2k5Ccmg5sMRYBNaQJhMwvPl0nNpN4JYDKyEsHVsWe8F77Tn4rrxkPnb7JfeZNXgNSBjm2DJqo1mDV+HLxguxsd9RrOoUgJUdAzHEZRZCLkSa2q2muctBYejj+hWj0q3mOFOpMkoxfshM9Kg/BLNGLEFmUoYpWOXcjJ1L4LSkDdxWdcTq4D0GHsrLbdu24V50GMkuF7H59zF21QR0mNgHF5NDCKpCOsIidN30JRot7IFBS8YZBhML6YXUQbPGIijiCo8twoOH8QgKCuBtqAWxFMfPnsTWXduQ9PABH76MjJoLHx+fx1+0VnnaoNLyDw6srOxcnDl3lrcuFPGPrlDNDHKHascyTRKsEfrBy4qd0N7LlmKT3GAhS46165bXEUyk6wsaM46RFB++KBOl585gb/NWOO3kjkBndxz5guJdoFKfIwWpGOuEm6thrDC5QsNYFO9krD8C1tbTdIWTMbzlHDIWxTtvXY25AlixIkO5PJ4y/XohxnachqWjN1oRox6Rtzy9z1IMrDEZqzt5YX7DA1jVNhDD3ebhpOd588z6vsm9Cw/R13kM1o+hKxT9MAkoGkyQEkPwKebg9TTYMTYhESOWToD7mo5wW9kO284eNodIOk6fOQPrd25EenEq12Xj6DVf9JnSH6djL/EWiyne881HRRou7YEhywQsMWYh1UMuvpg7AceiriGjKAt3bl/HLbpBZYLGwx1k/p6/fAnnzl/UrREAZdS8R83PKlvLVhRou8AfFFhZWSoRGOGuJgdTS/Py4ePli5wsMhMzVg9gfyZaK3IzmMMZmTi0ahU8t2zgDgRAQTbWfT0OX9WshakEiz4bWZrHeD4tBVs7dEVA7UYIdGoCbw2NUec2dYi2bWvQkK6wHo4518WdweONxpr/xRoCa4IFLN6SwOG39Sw+b0pgtZhPYIWadabDXKUpdtGUuz+6kIf+biMwa8BSC2ySL9ToS77YhCktlmN9dy8sbnYQ23ufxVDnuTjldck8s8o29EwC2nzQBzsme5oIUKvz6HIKy8Ety83IMyyxZsN6bKGuarShF+qs7oL91/zNLSgImjpnKjp80Q36sQFJ9Vwk44tpQ3D67mnj4uLKktFn91g0WtILXyybgCz9fK/GXlH0j5o3CWejbuBRTgrOnjuJB0kJDLCyERUTjQ1bNuN2yB0cOHjYeBH1mkj7Xr8u8PF+ubKikP9BgaUbUCOcv7//k98hZPLw8EBysj5Qzcws//Em3bBuXuAq4DGHd+9E6iMiQdWdGXPB5wg8167EAQrM6Ihb3I8lzW1hO/dhT5WmCHbqAq/+Y0iRqqEsJWba7ibtEOTSDEfrtcLN4dMNY60cSWBRjCeG8H7ESJx4bzqFgU0mYWjTOQjaetMCDQs87HoCxn++EKvH7ceKIfuwqOduLOi+FZM6L7banngp2frJu/FVi1lY0m0XZjXbasbTmwF7p2LMeQTAE/svoavDAGyYwmiLwJVrYr03hXkpmNdkfSjNKzOSYfvBnfAMO47Gmwag2tw22HTuAC/DPOJOi7cuRcNxHTDDfykhlcB1qTh62ouuLID7FBBw6fhsC8X7zK4YtXwqUvVjmBTj+kTRl5PH4mZ0KFKy0hB04ijBrQECeYi5H43DRw7B19cbp06dsoY3sShUJp6eikj5mOXNDSpTmdLT5f1N7ZmBZbQTb+7ixYuPf6Fe6ebNm+a3h4VeOwlcApnAJRCq6SE7R7qMJafOrCz6Hk3VW8oMLCIiiinqUy5cwX63bvB27o7AEdPIZixFfbqbkej2Nl2xw6ERtpLNTn0xFYgowKpRKzGm21RkxjLn5Mq4a/D2CxjcdCKGNaMr3HXXYije2nGPq2jnMAgjmyzBKLdlGOWwFOPqrcCoZvMRd5boE+bplc8evI4hzb/CqOazsGmEN6a2Xo+RzeehiHVHt686sHX2AXSqMRDzhq1SLMJyY3Rckovhw0agc8PePAeDBl5X/fDnb17EYp8NaLp5GOqtGYDN5w8Sm3nIKEjF7C3zUXdKRzRf2gt3ikPokRNZeRPp+RN5xgJqrBz0WTcSnZcOwpDZY7hEUPFhCgiioWNG4ErIDUTcj8KlG1e4VgJFyOe0XLRbA/3Ub2ixU3BwMB49esR1FrhUZgJWZeX9Te2ZgaUbEWDkpy9dumTmldQecvz4cdYQXwM6tf6eOHEC586dM79u//DhQ66nPlHJl/IYfTQqOZ3ujRFjWgZyHiaxZMr9R3oWgvpPxIpqLXHgyyk8OdeJsfKzMbtteyxr2hLLmrfBrqFjkHj8Lib1nYqh7b/Cgzv0RwKQ2GTbOQxwH4lB9Sbi9K475rSyO8fijOCe12UXlnU6bLpkFrbdgwktV+DQouOWzlI58FSLvl6Nz5qMMIHB0FZTcGY/w3/WC20vZPwhlvuy0Wys+HInStTaLnJm6t9jMNrW6o2Vo3dYDae8n+SUDIxdOwftd3yFJhuGYfPZQzwNAVKWh0W7V6DJwr5wndsJs7wX89LpPJVGftLlcR8NO/5y30y0WzAAIxZ8bQClj4BoOnrSONyKuIsrjADDosMNsCTdY2KizA81pKY8wiPmbX4e4SidynTnzh3jElXhzResmUQYSpWV+TexZwaWEC+E64b0Q5fqNqjoEuPj4/lQMYbBBDBZdHS0WVYrvBrqcpMfYuaQL9DDxR2j23TCsNbtMbxHD2Q+TKSYZakRrFcXb8LYT9yx7HOKd9amEh6H/CyUsWYiKZ5MdQ+lYZEUSaWYPHQ2Pms1zAKW8okFeW73RQxvYjU3XDhA8S5g5ZThdkA0etb+EvM6bsOKLoexrL2n6XAe03gRvmo/B1mR8hfcl/tnJBXgyok7OH7kAmJvUf/p3AIdwbdzpi+G1JuGya1WYcPoQ8Z9atRmbkY+vuz3FcZ2mo0ZPVcim5fWNtWljd770GbZF6g3qxdWHNnMyxBY1Jsz1s9H81mfoe2KQWg2ui2uxot5CpCTnWaaIRKLUzB623S0mNgdw2eNM4DKZj5pOnHWVJy8dBZBJ4ORkplqQHXtxlWsWrUChw8fhJenB7wp4oPpLcRYKsOkpCQjZeRNbA+j9Xak+OfYMwNLSeBSioiI4M0fNqCxtynZ6FfSQ4i11BEqOhZjCUA7Fi3B/gVLcW77Xviv3YRV06bj5sVzrKksATLXozOXsWX0JBxZz2hNpcL1ZaaEpJIJMrVQii35N3EEgdV2GAoSuZsKngA4tf0URrQYgxFtJuHUviuGKGUhwVEY1ngCZnXegNlttmB2qx2Y32EPZnTcgDHtZmPh2LVIiaZLJjgNA/GW1XquKTWzAcmxfVcxqMkEjG2xkIBcgKWDthvXaF9jNNl2WIuJ+LzeePiuJUuXR5tpLNivNs/E7MMrcOCYJ1cVsWCLsG73RizyXY+Nl/Zinfda7DqyxTR+6iD9oLh01oyNs7HGdxOmL5/DZasrTD/FsGbTOvgfC8TxMycMW8kNBgT502NcYYXPREZ6KtLJXL4+XuUukc/B8pE7FAkoCWCyp8v629hzAZZQrhtREnC8vLwQEBBggCYGS09Px4MHDxAZGWnc444dO3Dw4EHExcXiXngIAv08EXfjBguJqMhiieQxyI6Lw5EDexB5Pxz3YyNw7yzByGjm6umTiIwKRVRcBO5E3MbNyGu4G3kDd+9ewf3Iewi9GYXRQ6ehc/N+OHroLJLCEhFxMRRb527HwObDMLDVKGxbvB93b4YiNiIG25fuRt9GwzG+/VyMa70Yk1qtwcxOG00j6fBWU9GkejsM+2wU9u46jIjIWLrxdMPOmalpuHX5FqaNmYcWjl3RzXUwRrWcjgntF2H+4HW4fZL3fDMWodcjMaj7CAxuPRYDm47D2J6zcMH/Nu5ci0R0QgJ2BOzDzaQQHLtwAmHhocyzezgccARxJQ+prPRbqtk4eSYAV65dZP6FI5YuLST0FvZ470JGWSr2eO3HTebhvbgoXL5zHZ7+3jh98SwCjwfhHl3hrTs34eXjyTJQJFJK1mNF5PT8uTM4d/a00cUql8DAQEMISgrGKrZt/Tn2zMCyNZV+e1BJy5q/ffu20VeKOLy9vQ2QNC+tpQdQb7u/vy9Onj6GEyePIiMxgcxCasngeXIJrsICXL98gbXNFwGBPjgTGIDzwUdx7dJ5+AV4I/BkILyP+eCg3yH4BHviaLAPTh0LxpmTVxDgcw4Hdwbi7LEb2LVpL/wO+iNw/zEEE2jHj1xGkOdZgt8HW7duRqBXEA5u8sLpQ9dx6cg93PRKRIjfI1w6GIELh+/ikj8LceNB7Nl5gLU8EOfPXsKZ42exZ9Mu7NmwC/4HgxGw/xTCzsTiivcd3PQLx9E9Z+C3LwiH9vC+fE8w+mVhe1/G5YDbOLjFG0e9T8PXKxD7Dx7AyXPHEfMgEqcun0PA8WAEHT+Go6eOGSGfWSqhlsdKGYMjfl5koqM4deY0K60frt28YNzjtZBrhqH8ggPMPpeuX0ZoZBiOnzyGoOBAHD0WhNB7dw0Tqg1RjCcBL611NCjARO8iAZWHiMAuQ5GFHSX+OfZcgJWSol/veuIStc5qVhBWcoyQF9hUE5R0nJIiD/W0l0qMlBXjUcJ9ViZuUyMql3Oy05GXy+M0moHLJmIk7edonFG+2qALuWRFXuq+0JDo7FS6DJ2eUiErg66ALkuHqkXDXi/dLyWh4N52b2abTi8XJlM90VSPpG3cR100aQ8zUJrNo7Ve+1geCqVyb/b+uhb310sMekPGnL/CefJz5cZ5uSIWXFGe0ZksbtPNk5nL/CpWjKfRIEUoyM14vD2PlpyexvylNuJx+vV67fcoI8U0N6TnZHDZamVXY7RemFD3kdyhQKVhMrqBbEXfnMrsCF1J5WaXqdY/izt8ZmA9q6nvUKaH1Bs8qk1ZmenmuwIGFaYRswhFeXS1pSXIy8qk5GLN4/7KtGKjt1SyQkwZynJYAGk8b4Y+RsKy1vt03CM1NZfgVosyd+UpNd47R7/gWqgfQ2cNZiSan1eC7AzuIADotARIAZdL8nki/hnMZ3NG5SDjbUv6aBTHw3iG67xQUa7um3+8uF6HE1D0eQFTgXgCXcvce14G1+mn4PJMdKZ7tF8slQtSnli/gSPWKCRwSgw29aqdKrLOxb0NiMx3RWkpacnm3Hr7xgaWjpUpPyuzysrk25iYrTL7wYElIAlUyhA15CkzNC+QpT58gNIcRirZFgUoMwtysslM1rL2M+vyc5GtfkphMJ3SlgDSfDrnUzNykZScZgqO5Y1sMkhhEUHHeTGGfR79uFF2AUNwAi4/nwWTXYDCHIKgkPdC7WfVYu4u0OkwSUqLQJl4MYFJbxUTDKnpj5CaZXX8qvjTctOQlp3CXSxQ6RkV/aVnppiKYn4ElMl0ZvM8+XzevKxsA7hHiUmG9fWlnnSTD2JcnpXgM/edl211auewwnHZNgHL7kL7HwksmVIWAaParV+x10sZJqmwCkjxySlmuzLXXq9WfZWzeTuILtiEyhpvr114eGqyXIC1r3mZQC/W8lxK2ZlZpgNWr//nZxXgQeJDozEuX71kwnnzqfDyZBoVeVKNHNDnrI27yOMFBCyeTr9qatDFVQKigK5zCKj6doKAJRPExK4aVSvG1HJmNisDGUj3nJVGPWUeiAWjBmBlS/mz6D4FLrGg3H1xOQBlup52KtBARU61bN4r4Hw+K9z/WGAp6UUM5ZP0g/kqDVlDbkQNqYq+tPH+g0TzgQv1zOvGtf/9+DgzNV8KJBil5VIZlSbFxum0SM/IQlpKJtJT6VbICpl0sYqKkhIZVrPASgUQ3sL9yHgsWbQY3j4ePB9dMRkmIyPNRK1yYdJieSVZSM9PQUZuuumSSU/hPRv8lfI6yUi6rxED1rKAJThmsbATeL8pGel4lM59eG9mH5p172QcBitFOfoxJcKP95iRRJeqbCFIH8UmojSfC3pIWi4Zq1gfVOHxhTwmNyOHFSjFsLtWPnyYZOb1nDa4/scCSyMjJKOiY+7j1dfewP4Dh8zAwfc/+AgpDO1nzZqD8V9PRPcB/fGrN15HtVq1sW//QUybPhPu9Rqgao3quB16FwkUpl16dkXLJg0xdcI4hITcxh+qfAwnB1csmb8UO7ZtR+1a1dCrZxesWb0cLRs3R7WPqmNAt0GIColFXec6mDlrqgGWh9cBODjUQvXq1bFg0ULDVorAJs8ej4+qv48O3TvA09fH3KfC+O3btuCtl3+DGxdvmuYCt7rOBgvtO3fB2HET0bBpM7i4u6JVq1Y4HnAaHVt3hatrHbRv39642Q7tOqJLly7mXM0aNURueibmz5yLuo51UUdvLd0OYXQciJdeedEw0vmz5/DKCy/j6oUraNakqWk2kC51dXFCn949DaBkkgiVgamiVVYm38YqA5XsBwdWHvWMCmHV6rVwdnZF//4DkZGZjZdfec0I6h49emHipClISEvFH2rWwLr1G3Hx4mW88cZbBE8o+hFwQ0cMx4SZ0+Bazw0JMZGICb9r2np+887b2Lp5B66cv4qWLZqhZasmuHT5tBlesmfXXrz3mw+R8agAB3cfQe2atVCjZlUkpyXBta4jNm/ejKioGLz88qu4czeEwCrCkC/7o6rDR1i6dpH52jGdoinATu3ao9YntQjgxbh64yJefO0F80xudRpg44YdiIy6j1++9AtERIVj2cIVqOtQH7HR8ahZszaWLV2Fvn3749VXX8XOndvRsEE9nD19Bq++/BpiuM/Ir8ajQ7du8PT3xd/90//Bnj278PW48fjXf/43M5jyk4+r4LiaIU4eh7OTgwFXYkIco9Es07RQGZgqWmVl8m2sMlDJfnBgaUiNUr269THiiy9RtcqnrJEX8Okn1Ujzafhq9FiMHjnGFJSrW13s37UPp4NPosoHH5uKuW7NWnTt2hU9+vbBtNnTTVfPJx++h+Djgaha81NMnjQdQQHH8OBREsZOHIMXXv8FLlw9h7PnLqFGdWdzjvoNmqJz1054+7dvwDvQA876FsRZa5zVyy+9gevXbpNVCzBuwki41q+NectmIiohyri7SDKUu6sbBvcbgKZNGuD4OV98XPM944YdHerC83AgmTcTnzpWIQzz0KNbdwzqN9hct3XLdpg6bRb69B/ACtUX1atVQetWzbBlyyZ88OEfqNNKsIZM26BVS2zcvhn1GtRhBWmCrl06waGWI86dOQ/H2g44feoERo/6Ep06tkfVTz7G4kULmFuUBrnZlYKpolVWJt/GKgOV7AcHll5mvXTpCt777e8xeeIUvPbiq5gxbSaq/OET1swJrJFVsXH9JgO+X/zHL3FwzwE8jEvCb157yzCEE13jtGnTcPCIB15/8zUsWzQfr770S5w6cxy/fvVFTJkyzbxP5+F5GCvWLsPr776GvYf24MbN2/jdex/h5q1QvPDyKxg7/ivUdKqOjl3aYtCQAejUqQsGDxqO2jWckfxQPc2lGDJ0AD6p9gFmL5yOyPhI8yPpC+cvwEe/fx9jR43E//3ZP2PWwol4/bcvYerU6Xj9lXdw8th5pFHj/ePP/g9ZLs68dvXum+9g5ZJVeP3Vt3Dq3EXjMg8e3I9uXTvi5z/7d9y5cwvvffgRJs6aiapOzpi/cgUmTZ+MYV8Mwgfvv4cpkyeiTZt2WLlyNVy4fcP6tahZoxpGjRyBOm4uaNyogbnftNTkSsFU0Sork29jlYFK9hx+8uTZTJHOmTNncOHCBdNQ5+fja1qD7927h+HDh2PFihUm6lNj6qFDh4ybEJPcuXUbo74cieVLl1F3qO2mGLt378ZXY0YZzXPjxjWsWLUSI0aMwPbt27F161aM+3os1m1YS/GdYtqCduzYZdzp+o0bDHCv37yGjRvX49GjB5g3bx4mTJhEwa1376zA4MSJYwTMZEyY9DWOnQg2LKp7vXj+AjIY1e3fvxdHjwXg3IXTGDp0KA5QLyrJpe4/uI+BR7yJKo8c9jDs7O8faM6xaYvcbpTpslmzZo0JWqJjYzD6qzHYsWevCWqksTR+Xa3k2nffvn24cuUKXeMeM92yZYtpKdeokSVLlphzKG8ry/NvY5Vh4pvYDw4sFZiAYbfKK2lZyQ6xlQQu7WsngVAZaSdtM+E497PPpUJU0nNovaZ2sjNdqeJ6u89TyT7e3rfifkq6T72vZyddw066d22379keOGcnbdf5tY/Mfk57Px1n99nZSftUvD/7/nWeivem9fa9aP5ZTOf9c+wHB5YyUqbMtZcrZpQy0t5H25VskCmjlfla1n4yLavQlHSMtlU8p72v3clqP6OOsa+pqd3NoW06Vsdp3j7Gvgct6/ya13qdxy58zes62lfJvl8bLDqfurp0DrsyaF7rdE4l+5xKOo+26950Lt2XzL6+zqtl7aNza1nTZzFd/8+xHxxYSpoqM5RxyiTN22Cwl5V0P1q2C9met5Pm7UJT0ry9j8zOdDupcCpeW1O7sHQt+3jN2wUp0KigNW8ngcI+t86nfe1rKmm91tlA1LTidh2jeV1L17TvQ+vsZRs4Oo/2E/g0b+9r3499nYrnfhazcfBt7UfBWMoUm0WUlDnaZmdWxULQPWlfHadMVdKyMlPblHSs1mmqpGO1XefTPprqWrKKBaBtOq+9zi5omebt8yvZ19C5NG/fu5L21TPIdC4dJxMYlCpu07H2c2iIkX0enUNJx9n7Ktnb7ftVssFV8R41tfPgWUzn+XPsBwfW0xmijLPdkJhA27SfMs8uADsp47S/vV5T7atCsAtG2+3j7evZy0piH9vVaJuStj+t4ZR0j1pnM4KWVeg6l72vrivhrG2a1zb7Xuxral/7XEqa1zV1Xu2j+9BUZt+z9rHzStdU0v7KAy1L69nb7Of4Hw0sO2OUiZpqXUV20bK2qSBVEFpW0r72cUrK1IoZq31tRtC8ndlaFmB1XSVN7QKsyAo6j5LWV8wLnUdTe7uSrmvvY1/XThWXdZyeTfsp2fegpHmb0bS/zqmprifTvCpAxfuwz6V9tax70jbtV/G5nsXs5/q29oMDS9dQBsjsArLnlTSvpIxVIekYbdO8kpaVlJn2MfZ5lezjlTRvr1eyr2UnXUPLdgHqfFrW+VRwWmcDSvN2oSvZ96T9tc4+l/a3mcU+h32czqv9bIDZFUpmg0TJ3s+et5PmtZ/OKdP1ZPayfY5nMftc39b+W2D92K2yzKholR3zPK2yaz5Pq+yaFa2yYypaZcd8H/YTsJ7RKrvm87TKrlnRKjumolV2zPdhPwHrGa2yaz5Pq+yaFa2yYypaZcd8H/YTsJ7RKrvm87TKrlnRKjumolV2zPdhPwHrGa2yaz5Pq+yaFa2yYypaZcd8H/YTsJ7RKrvm87TKrlnRKjumolV2zPdhPwHrGa2yaz5Pq+yaFa2yYypaZcd8H/YTsJ7RKrvm87TKrlnRKjumolV2zPdhf/HA+sl+nPYTsH6y78R+AtZP9p3YT8D6yb4T+wlYP9l3Yj8B6yf7DqwE/x9r/2Hg9yfsgAAAAABJRU5ErkJggg==\"]','2026-05-31 00:44:57'),('tema','claro','2026-05-31 00:45:02');
/*!40000 ALTER TABLE `configuracoes` ENABLE KEYS */;
UNLOCK TABLES;

--
-- Table structure for table `conta_regente`
--

DROP TABLE IF EXISTS `conta_regente`;
/*!40101 SET @saved_cs_client     = @@character_set_client */;
/*!50503 SET character_set_client = utf8mb4 */;
CREATE TABLE `conta_regente` (
  `id_conta_regente` int NOT NULL AUTO_INCREMENT,
  `descricao` varchar(100) COLLATE utf8mb4_unicode_ci NOT NULL,
  `observacao` text COLLATE utf8mb4_unicode_ci,
  `criado_em` datetime DEFAULT CURRENT_TIMESTAMP,
  `criado_por` int DEFAULT NULL,
  `atualizado_em` datetime DEFAULT CURRENT_TIMESTAMP,
  `atualizado_por` int DEFAULT NULL,
  `tipo` varchar(10) COLLATE utf8mb4_unicode_ci NOT NULL DEFAULT 'receita',
  `ativo` tinyint(1) NOT NULL DEFAULT '1',
  PRIMARY KEY (`id_conta_regente`),
  UNIQUE KEY `conta_regente_descricao_key` (`descricao`),
  KEY `fk_cr_atualizado_por` (`atualizado_por`),
  KEY `fk_cr_criado_por` (`criado_por`),
  CONSTRAINT `fk_cr_atualizado_por` FOREIGN KEY (`atualizado_por`) REFERENCES `usuario` (`id_usuario`) ON DELETE SET NULL,
  CONSTRAINT `fk_cr_criado_por` FOREIGN KEY (`criado_por`) REFERENCES `usuario` (`id_usuario`) ON DELETE SET NULL,
  CONSTRAINT `conta_regente_tipo_check` CHECK ((`tipo` in (_utf8mb4'receita',_utf8mb4'despesa')))
) ENGINE=InnoDB AUTO_INCREMENT=9 DEFAULT CHARSET=utf8mb4 COLLATE=utf8mb4_unicode_ci;
/*!40101 SET character_set_client = @saved_cs_client */;

--
-- Dumping data for table `conta_regente`
--

LOCK TABLES `conta_regente` WRITE;
/*!40000 ALTER TABLE `conta_regente` DISABLE KEYS */;
INSERT INTO `conta_regente` VALUES (1,'Receitas Associação',NULL,'2026-05-05 01:09:58',NULL,'2026-05-31 01:04:46',NULL,'receita',1),(2,'Contas Associação','Conta de Água e Luz','2026-05-05 01:11:11',NULL,'2026-05-06 01:18:52',NULL,'despesa',1),(3,'padaria26','pao quentinho','2026-05-05 01:32:31',NULL,'2026-05-31 00:49:47',NULL,'despesa',1),(4,'Alvará Associação','Pagamento do alvará de manutenção.','2026-05-06 01:17:34',NULL,'2026-05-31 10:46:24',NULL,'despesa',1),(8,'MENSALIDADE','Receber taxa de mensalidade do associado.','2026-05-12 23:34:52',NULL,'2026-05-31 01:04:57',NULL,'receita',1);
/*!40000 ALTER TABLE `conta_regente` ENABLE KEYS */;
UNLOCK TABLES;

--
-- Table structure for table `conta_subordinada`
--

DROP TABLE IF EXISTS `conta_subordinada`;
/*!40101 SET @saved_cs_client     = @@character_set_client */;
/*!50503 SET character_set_client = utf8mb4 */;
CREATE TABLE `conta_subordinada` (
  `id_conta_subordinada` int NOT NULL AUTO_INCREMENT,
  `fk_conta_regente` int NOT NULL,
  `descricao` varchar(100) COLLATE utf8mb4_unicode_ci NOT NULL,
  `observacao` text COLLATE utf8mb4_unicode_ci,
  `criado_em` datetime DEFAULT CURRENT_TIMESTAMP,
  `criado_por` int DEFAULT NULL,
  `atualizado_em` datetime DEFAULT CURRENT_TIMESTAMP,
  `atualizado_por` int DEFAULT NULL,
  `ativo` tinyint(1) NOT NULL DEFAULT '1',
  PRIMARY KEY (`id_conta_subordinada`),
  KEY `conta_subordinada_fk_conta_regente_fkey` (`fk_conta_regente`),
  KEY `fk_cs_atualizado_por` (`atualizado_por`),
  KEY `fk_cs_criado_por` (`criado_por`),
  CONSTRAINT `conta_subordinada_fk_conta_regente_fkey` FOREIGN KEY (`fk_conta_regente`) REFERENCES `conta_regente` (`id_conta_regente`) ON DELETE RESTRICT,
  CONSTRAINT `fk_cs_atualizado_por` FOREIGN KEY (`atualizado_por`) REFERENCES `usuario` (`id_usuario`) ON DELETE SET NULL,
  CONSTRAINT `fk_cs_criado_por` FOREIGN KEY (`criado_por`) REFERENCES `usuario` (`id_usuario`) ON DELETE SET NULL
) ENGINE=InnoDB AUTO_INCREMENT=6 DEFAULT CHARSET=utf8mb4 COLLATE=utf8mb4_unicode_ci;
/*!40101 SET character_set_client = @saved_cs_client */;

--
-- Dumping data for table `conta_subordinada`
--

LOCK TABLES `conta_subordinada` WRITE;
/*!40000 ALTER TABLE `conta_subordinada` DISABLE KEYS */;
INSERT INTO `conta_subordinada` VALUES (1,2,'Luz',NULL,'2026-05-05 02:09:03',NULL,'2026-05-31 01:04:53',NULL,1),(2,8,'Mensalidade','Mensalidade Associado.','2026-05-12 23:35:29',NULL,'2026-05-31 01:04:51',NULL,1),(3,8,'anual',NULL,'2026-05-14 01:43:50',NULL,'2026-05-14 01:43:50',NULL,1),(5,4,'asdas',NULL,'2026-05-31 00:50:25',NULL,'2026-05-31 10:46:27',NULL,1);
/*!40000 ALTER TABLE `conta_subordinada` ENABLE KEYS */;
UNLOCK TABLES;

--
-- Table structure for table `dependente`
--

DROP TABLE IF EXISTS `dependente`;
/*!40101 SET @saved_cs_client     = @@character_set_client */;
/*!50503 SET character_set_client = utf8mb4 */;
CREATE TABLE `dependente` (
  `id_dependente` int NOT NULL AUTO_INCREMENT,
  `fk_associado` int DEFAULT NULL,
  `nome` varchar(150) COLLATE utf8mb4_unicode_ci NOT NULL,
  `data_nascimento` date NOT NULL,
  `cpf` char(11) COLLATE utf8mb4_unicode_ci DEFAULT NULL,
  `observacao` text COLLATE utf8mb4_unicode_ci,
  `fk_parentesco` int DEFAULT NULL,
  `fk_genero` int DEFAULT NULL,
  `criado_em` datetime DEFAULT CURRENT_TIMESTAMP,
  `atualizado_em` datetime DEFAULT CURRENT_TIMESTAMP,
  `ativo` tinyint(1) DEFAULT '1',
  PRIMARY KEY (`id_dependente`),
  KEY `dependente_fk_associado_fkey` (`fk_associado`),
  KEY `dependente_fk_genero_fkey` (`fk_genero`),
  KEY `dependente_fk_parentesco_fkey` (`fk_parentesco`),
  KEY `idx_dependente_ativo` (`ativo`),
  KEY `idx_dependente_nascimento` (`data_nascimento`),
  CONSTRAINT `dependente_fk_associado_fkey` FOREIGN KEY (`fk_associado`) REFERENCES `associado` (`id_associado`) ON DELETE CASCADE,
  CONSTRAINT `dependente_fk_genero_fkey` FOREIGN KEY (`fk_genero`) REFERENCES `genero` (`id_genero`),
  CONSTRAINT `dependente_fk_parentesco_fkey` FOREIGN KEY (`fk_parentesco`) REFERENCES `parentesco` (`id_parentesco`),
  CONSTRAINT `chk_dependente_nome_composto` CHECK ((trim(`nome`) like _utf8mb4'% %'))
) ENGINE=InnoDB AUTO_INCREMENT=3 DEFAULT CHARSET=utf8mb4 COLLATE=utf8mb4_unicode_ci;
/*!40101 SET character_set_client = @saved_cs_client */;

--
-- Dumping data for table `dependente`
--

LOCK TABLES `dependente` WRITE;
/*!40000 ALTER TABLE `dependente` DISABLE KEYS */;
INSERT INTO `dependente` VALUES (1,24,'fernanda bernardes','1992-07-20',NULL,'Email:  | Tel: ',2,1,'2026-05-30 21:12:51','2026-05-30 21:12:51',1),(2,37,'fer fer','2012-01-30',NULL,'Email:  | Tel: ',1,1,'2026-05-31 01:45:07','2026-05-31 01:45:07',1);
/*!40000 ALTER TABLE `dependente` ENABLE KEYS */;
UNLOCK TABLES;

--
-- Table structure for table `documento`
--

DROP TABLE IF EXISTS `documento`;
/*!40101 SET @saved_cs_client     = @@character_set_client */;
/*!50503 SET character_set_client = utf8mb4 */;
CREATE TABLE `documento` (
  `id_documento` int NOT NULL AUTO_INCREMENT,
  `numero` int DEFAULT NULL,
  `ano` int NOT NULL DEFAULT (year(curdate())),
  `indice` varchar(20) COLLATE utf8mb4_unicode_ci DEFAULT NULL,
  `fk_tipo_documento` int DEFAULT NULL,
  `tipo_livre` varchar(50) COLLATE utf8mb4_unicode_ci DEFAULT NULL,
  `assunto` varchar(200) COLLATE utf8mb4_unicode_ci NOT NULL,
  `data_documento` date NOT NULL DEFAULT (curdate()),
  `conteudo` text COLLATE utf8mb4_unicode_ci,
  `arquivo_path` varchar(500) COLLATE utf8mb4_unicode_ci DEFAULT NULL,
  `observacao` text COLLATE utf8mb4_unicode_ci,
  `criado_em` datetime DEFAULT CURRENT_TIMESTAMP,
  `criado_por` int DEFAULT NULL,
  `atualizado_em` datetime DEFAULT CURRENT_TIMESTAMP,
  `atualizado_por` int DEFAULT NULL,
  `categoria` varchar(20) COLLATE utf8mb4_unicode_ci NOT NULL DEFAULT 'operacional',
  `versao` varchar(20) COLLATE utf8mb4_unicode_ci DEFAULT NULL,
  PRIMARY KEY (`id_documento`),
  UNIQUE KEY `documento_numero_ano_key` (`numero`,`ano`),
  KEY `documento_fk_tipo_documento_fkey` (`fk_tipo_documento`),
  KEY `fk_doc_atualizado_por` (`atualizado_por`),
  KEY `fk_doc_criado_por` (`criado_por`),
  KEY `idx_documento_indice` (`ano`,`numero`),
  CONSTRAINT `documento_fk_tipo_documento_fkey` FOREIGN KEY (`fk_tipo_documento`) REFERENCES `tipo_documento` (`id_tipo_documento`),
  CONSTRAINT `fk_doc_atualizado_por` FOREIGN KEY (`atualizado_por`) REFERENCES `usuario` (`id_usuario`) ON DELETE SET NULL,
  CONSTRAINT `fk_doc_criado_por` FOREIGN KEY (`criado_por`) REFERENCES `usuario` (`id_usuario`) ON DELETE SET NULL,
  CONSTRAINT `chk_documento_tipo` CHECK ((((`fk_tipo_documento` is not null) and (`tipo_livre` is null)) or ((`fk_tipo_documento` is null) and (`tipo_livre` is not null)))),
  CONSTRAINT `documento_categoria_check` CHECK ((`categoria` in (_utf8mb4'operacional',_utf8mb4'institucional')))
) ENGINE=InnoDB AUTO_INCREMENT=2 DEFAULT CHARSET=utf8mb4 COLLATE=utf8mb4_unicode_ci;
/*!40101 SET character_set_client = @saved_cs_client */;

--
-- Dumping data for table `documento`
--

LOCK TABLES `documento` WRITE;
/*!40000 ALTER TABLE `documento` DISABLE KEYS */;
INSERT INTO `documento` VALUES (1,NULL,2026,NULL,3,NULL,'teste','2026-05-31',NULL,'doc_6a1bacf227f1f0.20941934.pdf',NULL,'2026-05-31 00:37:22',NULL,'2026-05-31 00:37:22',NULL,'institucional',NULL);
/*!40000 ALTER TABLE `documento` ENABLE KEYS */;
UNLOCK TABLES;

--
-- Table structure for table `estado_civil`
--

DROP TABLE IF EXISTS `estado_civil`;
/*!40101 SET @saved_cs_client     = @@character_set_client */;
/*!50503 SET character_set_client = utf8mb4 */;
CREATE TABLE `estado_civil` (
  `id_estadocivil` int NOT NULL AUTO_INCREMENT,
  `descricao` varchar(30) COLLATE utf8mb4_unicode_ci NOT NULL,
  PRIMARY KEY (`id_estadocivil`),
  UNIQUE KEY `estado_civil_descricao_key` (`descricao`)
) ENGINE=InnoDB AUTO_INCREMENT=6 DEFAULT CHARSET=utf8mb4 COLLATE=utf8mb4_unicode_ci;
/*!40101 SET character_set_client = @saved_cs_client */;

--
-- Dumping data for table `estado_civil`
--

LOCK TABLES `estado_civil` WRITE;
/*!40000 ALTER TABLE `estado_civil` DISABLE KEYS */;
INSERT INTO `estado_civil` VALUES (2,'Casado(a)'),(3,'Divorciado(a)'),(1,'Solteiro(a)'),(4,'Viúvo(a)');
/*!40000 ALTER TABLE `estado_civil` ENABLE KEYS */;
UNLOCK TABLES;

--
-- Table structure for table `forma_pagamento`
--

DROP TABLE IF EXISTS `forma_pagamento`;
/*!40101 SET @saved_cs_client     = @@character_set_client */;
/*!50503 SET character_set_client = utf8mb4 */;
CREATE TABLE `forma_pagamento` (
  `id_forma_pagamento` int NOT NULL AUTO_INCREMENT,
  `descricao` varchar(30) COLLATE utf8mb4_unicode_ci NOT NULL,
  PRIMARY KEY (`id_forma_pagamento`),
  UNIQUE KEY `forma_pagamento_descricao_key` (`descricao`)
) ENGINE=InnoDB AUTO_INCREMENT=7 DEFAULT CHARSET=utf8mb4 COLLATE=utf8mb4_unicode_ci;
/*!40101 SET character_set_client = @saved_cs_client */;

--
-- Dumping data for table `forma_pagamento`
--

LOCK TABLES `forma_pagamento` WRITE;
/*!40000 ALTER TABLE `forma_pagamento` DISABLE KEYS */;
INSERT INTO `forma_pagamento` VALUES (2,'Boleto'),(3,'Cartão de crédito'),(4,'Cartão de débito'),(5,'Dinheiro'),(1,'PIX'),(6,'Transferência bancária');
/*!40000 ALTER TABLE `forma_pagamento` ENABLE KEYS */;
UNLOCK TABLES;

--
-- Table structure for table `genero`
--

DROP TABLE IF EXISTS `genero`;
/*!40101 SET @saved_cs_client     = @@character_set_client */;
/*!50503 SET character_set_client = utf8mb4 */;
CREATE TABLE `genero` (
  `id_genero` int NOT NULL AUTO_INCREMENT,
  `descricao` varchar(30) COLLATE utf8mb4_unicode_ci NOT NULL,
  PRIMARY KEY (`id_genero`),
  UNIQUE KEY `genero_descricao_key` (`descricao`)
) ENGINE=InnoDB AUTO_INCREMENT=8 DEFAULT CHARSET=utf8mb4 COLLATE=utf8mb4_unicode_ci;
/*!40101 SET character_set_client = @saved_cs_client */;

--
-- Dumping data for table `genero`
--

LOCK TABLES `genero` WRITE;
/*!40000 ALTER TABLE `genero` DISABLE KEYS */;
INSERT INTO `genero` VALUES (1,'Feminino'),(2,'Masculino'),(3,'Outro'),(7,'Prefiro não informar.');
/*!40000 ALTER TABLE `genero` ENABLE KEYS */;
UNLOCK TABLES;

--
-- Table structure for table `lancamento`
--

DROP TABLE IF EXISTS `lancamento`;
/*!40101 SET @saved_cs_client     = @@character_set_client */;
/*!50503 SET character_set_client = utf8mb4 */;
CREATE TABLE `lancamento` (
  `id_lancamento` int NOT NULL AUTO_INCREMENT,
  `fk_associado` int DEFAULT NULL,
  `fk_conta_regente` int DEFAULT NULL,
  `fk_conta_subordinada` int DEFAULT NULL,
  `fk_tipo_lancamento` int DEFAULT NULL,
  `fk_forma_pagamento` int DEFAULT NULL,
  `fk_status_conta` int NOT NULL DEFAULT '1',
  `descricao` varchar(200) COLLATE utf8mb4_unicode_ci NOT NULL,
  `valor` decimal(10,2) NOT NULL,
  `valor_pago` decimal(10,2) DEFAULT NULL,
  `data_lancamento` date NOT NULL DEFAULT (curdate()),
  `data_vencimento` date DEFAULT NULL,
  `data_pagamento` date DEFAULT NULL,
  `observacao` text COLLATE utf8mb4_unicode_ci,
  `criado_em` datetime DEFAULT CURRENT_TIMESTAMP,
  `criado_por` int DEFAULT NULL,
  `atualizado_em` datetime DEFAULT CURRENT_TIMESTAMP,
  `atualizado_por` int DEFAULT NULL,
  `fk_parceiro` int DEFAULT NULL,
  `fk_parcelamento` int DEFAULT NULL,
  `numero_parcela` int DEFAULT NULL,
  `total_parcelas` int DEFAULT NULL,
  PRIMARY KEY (`id_lancamento`),
  KEY `lancamento_atualizado_por_fkey` (`atualizado_por`),
  KEY `lancamento_criado_por_fkey` (`criado_por`),
  KEY `lancamento_fk_forma_pagamento_fkey` (`fk_forma_pagamento`),
  KEY `idx_lancamento_associado` (`fk_associado`),
  KEY `idx_lancamento_conta_regente` (`fk_conta_regente`),
  KEY `idx_lancamento_conta_subordinada` (`fk_conta_subordinada`),
  KEY `idx_lancamento_data_lancamento` (`data_lancamento`),
  KEY `idx_lancamento_fk_parceiro` (`fk_parceiro`),
  KEY `idx_lancamento_status` (`fk_status_conta`),
  KEY `idx_lancamento_tipo` (`fk_tipo_lancamento`),
  KEY `idx_lancamento_vencimento` (`data_vencimento`),
  CONSTRAINT `lancamento_atualizado_por_fkey` FOREIGN KEY (`atualizado_por`) REFERENCES `usuario` (`id_usuario`) ON DELETE SET NULL,
  CONSTRAINT `lancamento_criado_por_fkey` FOREIGN KEY (`criado_por`) REFERENCES `usuario` (`id_usuario`) ON DELETE SET NULL,
  CONSTRAINT `lancamento_fk_associado_fkey` FOREIGN KEY (`fk_associado`) REFERENCES `associado` (`id_associado`) ON DELETE RESTRICT,
  CONSTRAINT `lancamento_fk_conta_regente_fkey` FOREIGN KEY (`fk_conta_regente`) REFERENCES `conta_regente` (`id_conta_regente`) ON DELETE RESTRICT,
  CONSTRAINT `lancamento_fk_conta_subordinada_fkey` FOREIGN KEY (`fk_conta_subordinada`) REFERENCES `conta_subordinada` (`id_conta_subordinada`) ON DELETE RESTRICT,
  CONSTRAINT `lancamento_fk_forma_pagamento_fkey` FOREIGN KEY (`fk_forma_pagamento`) REFERENCES `forma_pagamento` (`id_forma_pagamento`),
  CONSTRAINT `lancamento_fk_parceiro_fkey` FOREIGN KEY (`fk_parceiro`) REFERENCES `parceiro` (`id_parceiro`) ON DELETE SET NULL,
  CONSTRAINT `lancamento_fk_status_conta_fkey` FOREIGN KEY (`fk_status_conta`) REFERENCES `status_conta` (`id_status_conta`),
  CONSTRAINT `lancamento_fk_tipo_lancamento_fkey` FOREIGN KEY (`fk_tipo_lancamento`) REFERENCES `tipo_lancamento` (`id_tipo_lancamento`),
  CONSTRAINT `chk_lancamento_pagamento` CHECK ((((`data_pagamento` is null) and (`valor_pago` is null)) or ((`data_pagamento` is not null) and (`valor_pago` is not null)))),
  CONSTRAINT `chk_lancamento_valor` CHECK ((`valor` > 0)),
  CONSTRAINT `chk_lancamento_valor_pago` CHECK (((`valor_pago` is null) or (`valor_pago` >= 0)))
) ENGINE=InnoDB AUTO_INCREMENT=55 DEFAULT CHARSET=utf8mb4 COLLATE=utf8mb4_unicode_ci;
/*!40101 SET character_set_client = @saved_cs_client */;

--
-- Dumping data for table `lancamento`
--

LOCK TABLES `lancamento` WRITE;
/*!40000 ALTER TABLE `lancamento` DISABLE KEYS */;
INSERT INTO `lancamento` VALUES (2,NULL,NULL,NULL,3,NULL,2,'Maio, 26',10.00,10.00,'2026-05-13',NULL,'2026-05-13',NULL,'2026-05-13 04:17:48',NULL,'2026-05-13 04:17:48',NULL,16,NULL,NULL,NULL),(3,NULL,NULL,NULL,3,NULL,2,'2026',10.00,10.00,'2026-05-14',NULL,'2026-05-13',NULL,'2026-05-14 02:08:21',NULL,'2026-05-14 02:08:21',NULL,17,NULL,NULL,NULL),(4,NULL,NULL,NULL,NULL,NULL,1,'Doação para Evento Beneficente',150.00,NULL,'2026-05-14',NULL,NULL,NULL,'2026-05-14 19:40:04',NULL,'2026-05-14 19:40:04',NULL,NULL,NULL,NULL,NULL),(5,NULL,1,1,1,1,2,'Conta de Energia elétrica',104.60,NULL,'2026-05-13','2026-05-13',NULL,NULL,'2026-05-14 20:06:09',NULL,'2026-05-14 20:06:09',NULL,NULL,NULL,NULL,NULL),(9,NULL,1,1,5,1,1,'Reforma da Sede',256.00,NULL,'2026-05-12','2026-05-18',NULL,NULL,'2026-05-18 21:33:51',NULL,'2026-05-18 21:33:51',NULL,NULL,NULL,NULL,NULL),(10,NULL,1,1,1,1,1,'Doação para Evento Beneficente',54.00,NULL,'2026-05-20','2026-05-19',NULL,NULL,'2026-05-19 21:37:27',NULL,'2026-05-19 21:37:27',NULL,NULL,NULL,NULL,NULL),(11,NULL,1,1,2,1,1,'mensalidade',60.00,NULL,'2026-05-19','2026-05-21',NULL,NULL,'2026-05-19 22:46:38',NULL,'2026-05-19 22:46:38',NULL,NULL,NULL,NULL,NULL),(12,NULL,NULL,NULL,NULL,NULL,1,'mensalidade - Parcela 1',100.00,NULL,'2026-05-19','2026-05-19',NULL,NULL,'2026-05-19 22:56:45',NULL,'2026-05-19 22:56:45',NULL,NULL,2,NULL,NULL),(13,NULL,NULL,NULL,NULL,NULL,1,'mensalidade - Parcela 2',100.00,NULL,'2026-05-19','2026-06-19',NULL,NULL,'2026-05-19 22:56:45',NULL,'2026-05-19 22:56:45',NULL,NULL,2,NULL,NULL),(14,NULL,NULL,NULL,NULL,NULL,1,'mensalidade - Parcela 3',100.00,NULL,'2026-05-19','2026-07-19',NULL,NULL,'2026-05-19 22:56:45',NULL,'2026-05-19 22:56:45',NULL,NULL,2,NULL,NULL),(15,NULL,NULL,NULL,NULL,NULL,1,'Doação - Parcela 1',100.00,NULL,'2026-05-19','2026-05-20',NULL,NULL,'2026-05-19 23:12:51',NULL,'2026-05-19 23:12:51',NULL,NULL,3,1,12),(51,NULL,1,1,2,1,1,'teste - Parcela 1',75.00,NULL,'2026-05-20','2026-05-19',NULL,NULL,'2026-05-20 00:03:56',NULL,'2026-05-20 00:03:56',NULL,NULL,6,1,2),(52,NULL,1,1,2,1,1,'teste - Parcela 2',75.00,NULL,'2026-05-20','2026-06-19',NULL,NULL,'2026-05-20 00:03:56',NULL,'2026-05-20 00:03:56',NULL,NULL,6,2,2),(53,NULL,3,3,12,1,1,'Conta de Energia elétrica',75.00,NULL,'2026-05-21','2026-05-22',NULL,NULL,'2026-05-23 00:30:12',NULL,'2026-05-23 00:30:12',NULL,NULL,NULL,NULL,NULL),(54,NULL,1,1,1,1,1,'LEONARDO PEREIRA LEOTE',50.00,NULL,'2026-05-27','2026-05-27',NULL,NULL,'2026-05-28 01:16:23',NULL,'2026-05-28 01:16:23',NULL,NULL,NULL,NULL,NULL);
/*!40000 ALTER TABLE `lancamento` ENABLE KEYS */;
UNLOCK TABLES;

--
-- Table structure for table `modulo_sistema`
--

DROP TABLE IF EXISTS `modulo_sistema`;
/*!40101 SET @saved_cs_client     = @@character_set_client */;
/*!50503 SET character_set_client = utf8mb4 */;
CREATE TABLE `modulo_sistema` (
  `id_modulo` int NOT NULL AUTO_INCREMENT,
  `descricao` varchar(50) COLLATE utf8mb4_unicode_ci NOT NULL,
  PRIMARY KEY (`id_modulo`),
  UNIQUE KEY `modulo_sistema_descricao_key` (`descricao`)
) ENGINE=InnoDB AUTO_INCREMENT=9 DEFAULT CHARSET=utf8mb4 COLLATE=utf8mb4_unicode_ci;
/*!40101 SET character_set_client = @saved_cs_client */;

--
-- Dumping data for table `modulo_sistema`
--

LOCK TABLES `modulo_sistema` WRITE;
/*!40000 ALTER TABLE `modulo_sistema` DISABLE KEYS */;
INSERT INTO `modulo_sistema` VALUES (2,'Associados'),(8,'Configuracoes'),(1,'Dashboard'),(3,'Dependentes'),(6,'Documentos'),(4,'Financeiro'),(5,'Parceiros'),(7,'Usuarios');
/*!40000 ALTER TABLE `modulo_sistema` ENABLE KEYS */;
UNLOCK TABLES;

--
-- Table structure for table `parceiro`
--

DROP TABLE IF EXISTS `parceiro`;
/*!40101 SET @saved_cs_client     = @@character_set_client */;
/*!50503 SET character_set_client = utf8mb4 */;
CREATE TABLE `parceiro` (
  `id_parceiro` int NOT NULL AUTO_INCREMENT,
  `nome_razao_social` varchar(200) COLLATE utf8mb4_unicode_ci NOT NULL,
  `cpf_cnpj` varchar(14) COLLATE utf8mb4_unicode_ci NOT NULL,
  `email` varchar(150) COLLATE utf8mb4_unicode_ci DEFAULT NULL,
  `ativo` tinyint(1) DEFAULT '1',
  `logradouro` varchar(200) COLLATE utf8mb4_unicode_ci DEFAULT NULL,
  `numero` varchar(10) COLLATE utf8mb4_unicode_ci DEFAULT NULL,
  `complemento` varchar(100) COLLATE utf8mb4_unicode_ci DEFAULT NULL,
  `cep` char(8) COLLATE utf8mb4_unicode_ci DEFAULT NULL,
  `bairro` varchar(100) COLLATE utf8mb4_unicode_ci DEFAULT NULL,
  `cidade` varchar(100) COLLATE utf8mb4_unicode_ci DEFAULT NULL,
  `uf` char(2) COLLATE utf8mb4_unicode_ci DEFAULT NULL,
  `criado_em` datetime DEFAULT CURRENT_TIMESTAMP,
  `criado_por` int DEFAULT NULL,
  `atualizado_em` datetime DEFAULT CURRENT_TIMESTAMP,
  `atualizado_por` int DEFAULT NULL,
  `tipo_servico` varchar(100) COLLATE utf8mb4_unicode_ci DEFAULT NULL,
  `tipo_pessoa` char(2) COLLATE utf8mb4_unicode_ci DEFAULT 'PF',
  PRIMARY KEY (`id_parceiro`),
  UNIQUE KEY `parceiro_cpf_cnpj_key` (`cpf_cnpj`),
  KEY `fk_parc_atualizado_por` (`atualizado_por`),
  KEY `fk_parc_criado_por` (`criado_por`),
  KEY `parceiro_uf_fkey` (`uf`),
  KEY `idx_parceiro_nome` (`nome_razao_social`),
  KEY `idx_parceiro_tipo_pessoa` (`tipo_pessoa`),
  CONSTRAINT `fk_parc_atualizado_por` FOREIGN KEY (`atualizado_por`) REFERENCES `usuario` (`id_usuario`) ON DELETE SET NULL,
  CONSTRAINT `fk_parc_criado_por` FOREIGN KEY (`criado_por`) REFERENCES `usuario` (`id_usuario`) ON DELETE SET NULL,
  CONSTRAINT `parceiro_uf_fkey` FOREIGN KEY (`uf`) REFERENCES `uf` (`sigla`),
  CONSTRAINT `chk_parceiro_nome_composto` CHECK ((trim(`nome_razao_social`) like _utf8mb4'% %')),
  CONSTRAINT `chk_parceiro_tipo_pessoa` CHECK ((`tipo_pessoa` in (_utf8mb4'PF',_utf8mb4'PJ')))
) ENGINE=InnoDB AUTO_INCREMENT=28 DEFAULT CHARSET=utf8mb4 COLLATE=utf8mb4_unicode_ci;
/*!40101 SET character_set_client = @saved_cs_client */;

--
-- Dumping data for table `parceiro`
--

LOCK TABLES `parceiro` WRITE;
/*!40000 ALTER TABLE `parceiro` DISABLE KEYS */;
INSERT INTO `parceiro` VALUES (8,'Supermercado Bom Preço Ltda','12345678000101','contato@bompreco.com.br',1,'Av. Assis Brasil','1000',NULL,'91000001','Sarandi','Porto Alegre','RS','2026-05-13 00:54:30',NULL,'2026-05-13 00:54:30',NULL,NULL,'PF'),(9,'Padaria São Jorge Ltda','23456789000112','padaria@saojorge.com.br',1,'Rua Coronel Aparício Borges','500',NULL,'91000002','Glória','Porto Alegre','RS','2026-05-13 00:54:30',NULL,'2026-05-13 00:54:30',NULL,NULL,'PF'),(10,'Farmácia Popular Saúde Ltda','34567890000123','farmacia@popular.com.br',1,'Av. Bento Gonçalves','2000','Loja 3','91000003','Partenon','Porto Alegre','RS','2026-05-13 00:54:30',NULL,'2026-05-13 00:54:30',NULL,NULL,'PF'),(11,'Distribuidora de Bebidas RS Ltda','45678901000134','bebidas@distribuidora.com.br',1,'Rua Industrial','300',NULL,'91000004','Navegantes','Porto Alegre','RS','2026-05-13 00:54:30',NULL,'2026-05-13 00:54:30',NULL,NULL,'PF'),(12,'Brinquedos Alegria Ltda','56789012000145','contato@alegria.com.br',1,'Shopping Bourbon','100','Loja 215','90000020','Três Figueiras','Porto Alegre','RS','2026-05-13 00:54:30',NULL,'2026-05-13 00:54:30',NULL,NULL,'PF'),(13,'Maria Aparecida Souza Lima','98765432100','maria.aparecida@email.com',1,'Rua Luciana de Abreu','450',NULL,'90000021','Moinhos de Vento','Porto Alegre','RS','2026-05-13 00:54:30',NULL,'2026-05-13 00:54:30',NULL,NULL,'PF'),(14,'João Batista Ferreira Neto','87654321099','joao.batista@email.com',1,'Av. Carlos Gomes','760','Sala 301','90000022','Auxiliadora','Porto Alegre','RS','2026-05-13 00:54:30',NULL,'2026-05-13 00:54:30',NULL,NULL,'PF'),(15,'Loja Encerrada Comércio Ltda','67890123000156',NULL,0,'Rua dos Andradas','900',NULL,'90000023','Centro','Porto Alegre','RS','2026-05-13 00:54:30',NULL,'2026-05-13 00:54:30',NULL,NULL,'PF'),(16,'Grafica Mill','00000000000100','graficamill@graficamill.com',1,'Rua João Paulo','123','Sala 2','00000000','Gloria','Glorinha','RS','2026-05-13 02:14:17',NULL,'2026-05-13 04:17:48',NULL,'Impressões','PJ'),(17,'Pedro Petry','00000000000','pedropetry@pedropetry.com',1,'Rua Maria Afonso','456','torre 1, ap 1001','00000000','Graça','Alvorada','RS','2026-05-14 01:12:03',NULL,'2026-05-14 02:08:21',NULL,'mecânico','PF'),(18,'volfied store','01324782222','leo@leo@.com',1,'barao do rio branco 381','122',NULL,'92110410','niteroi','Canoas','RS','2026-05-14 19:32:52',NULL,'2026-05-14 19:32:52',NULL,'loja','PF'),(21,'padaria pao quentinho','11111111111',NULL,1,NULL,NULL,NULL,NULL,NULL,NULL,NULL,'2026-05-27 00:30:47',NULL,'2026-05-27 00:30:47',NULL,NULL,'PF'),(22,'loja central','12345678920','lojacentral@gmail.com',1,'R. São João Batista','88','102','92480000','Califórnia','Nova Santa Rita','RS','2026-05-27 23:41:03',NULL,'2026-05-27 23:41:03',NULL,'vestuário','PF'),(23,'testa teste','12312312332','leonardo.leote0909@gmail.com',1,NULL,'188',NULL,'92480000',NULL,'Nova Santa Rita','RS','2026-05-31 01:46:48',NULL,'2026-05-31 01:46:48',NULL,NULL,'PF');
/*!40000 ALTER TABLE `parceiro` ENABLE KEYS */;
UNLOCK TABLES;

--
-- Table structure for table `parentesco`
--

DROP TABLE IF EXISTS `parentesco`;
/*!40101 SET @saved_cs_client     = @@character_set_client */;
/*!50503 SET character_set_client = utf8mb4 */;
CREATE TABLE `parentesco` (
  `id_parentesco` int NOT NULL AUTO_INCREMENT,
  `descricao` varchar(30) COLLATE utf8mb4_unicode_ci NOT NULL,
  `observacao` text COLLATE utf8mb4_unicode_ci,
  PRIMARY KEY (`id_parentesco`),
  UNIQUE KEY `parentesco_descricao_key` (`descricao`)
) ENGINE=InnoDB AUTO_INCREMENT=6 DEFAULT CHARSET=utf8mb4 COLLATE=utf8mb4_unicode_ci;
/*!40101 SET character_set_client = @saved_cs_client */;

--
-- Dumping data for table `parentesco`
--

LOCK TABLES `parentesco` WRITE;
/*!40000 ALTER TABLE `parentesco` DISABLE KEYS */;
INSERT INTO `parentesco` VALUES (1,'Filho(a)',NULL),(2,'Enteado(a)',NULL),(3,'Sobrinho(a)',NULL),(4,'Neto(a)',NULL),(5,'Outro',NULL);
/*!40000 ALTER TABLE `parentesco` ENABLE KEYS */;
UNLOCK TABLES;

--
-- Table structure for table `perfil_usuario`
--

DROP TABLE IF EXISTS `perfil_usuario`;
/*!40101 SET @saved_cs_client     = @@character_set_client */;
/*!50503 SET character_set_client = utf8mb4 */;
CREATE TABLE `perfil_usuario` (
  `id_perfil` int NOT NULL AUTO_INCREMENT,
  `descricao` varchar(30) COLLATE utf8mb4_unicode_ci NOT NULL,
  `observacao` text COLLATE utf8mb4_unicode_ci,
  PRIMARY KEY (`id_perfil`),
  UNIQUE KEY `perfil_usuario_descricao_key` (`descricao`)
) ENGINE=InnoDB AUTO_INCREMENT=4 DEFAULT CHARSET=utf8mb4 COLLATE=utf8mb4_unicode_ci;
/*!40101 SET character_set_client = @saved_cs_client */;

--
-- Dumping data for table `perfil_usuario`
--

LOCK TABLES `perfil_usuario` WRITE;
/*!40000 ALTER TABLE `perfil_usuario` DISABLE KEYS */;
INSERT INTO `perfil_usuario` VALUES (1,'Administrador',NULL),(2,'Gestor','Acesso operacional configurável pelo administrador.'),(3,'Visualizador','Somente leitura. Módulos visíveis configuráveis pelo administrador.');
/*!40000 ALTER TABLE `perfil_usuario` ENABLE KEYS */;
UNLOCK TABLES;

--
-- Table structure for table `permissao_usuario`
--

DROP TABLE IF EXISTS `permissao_usuario`;
/*!40101 SET @saved_cs_client     = @@character_set_client */;
/*!50503 SET character_set_client = utf8mb4 */;
CREATE TABLE `permissao_usuario` (
  `id_permissao` int NOT NULL AUTO_INCREMENT,
  `fk_usuario` int NOT NULL,
  `fk_modulo` int NOT NULL,
  `pode_acessar` tinyint(1) DEFAULT '0',
  `pode_editar` tinyint(1) DEFAULT '0',
  PRIMARY KEY (`id_permissao`),
  UNIQUE KEY `permissao_usuario_fk_usuario_fk_modulo_key` (`fk_usuario`,`fk_modulo`),
  KEY `permissao_usuario_fk_modulo_fkey` (`fk_modulo`),
  CONSTRAINT `permissao_usuario_fk_modulo_fkey` FOREIGN KEY (`fk_modulo`) REFERENCES `modulo_sistema` (`id_modulo`),
  CONSTRAINT `permissao_usuario_fk_usuario_fkey` FOREIGN KEY (`fk_usuario`) REFERENCES `usuario` (`id_usuario`) ON DELETE CASCADE
) ENGINE=InnoDB AUTO_INCREMENT=137 DEFAULT CHARSET=utf8mb4 COLLATE=utf8mb4_unicode_ci;
/*!40101 SET character_set_client = @saved_cs_client */;

--
-- Dumping data for table `permissao_usuario`
--

LOCK TABLES `permissao_usuario` WRITE;
/*!40000 ALTER TABLE `permissao_usuario` DISABLE KEYS */;
INSERT INTO `permissao_usuario` VALUES (1,1,2,1,1),(2,1,8,1,1),(3,1,1,1,1),(4,1,3,1,1),(5,1,6,1,1),(6,1,4,1,1),(7,1,5,1,1),(8,1,7,1,1),(41,8,1,1,1),(42,8,2,1,1),(43,8,3,1,1),(44,8,4,1,1),(45,8,5,1,1),(46,8,6,1,1),(47,8,7,1,1),(48,8,8,1,1),(49,9,1,1,1),(50,9,2,1,1),(51,9,3,1,1),(52,9,4,1,1),(53,9,5,1,1),(54,9,6,1,1),(55,9,7,1,1),(56,9,8,1,1),(73,12,1,1,1),(74,12,2,1,1),(75,12,3,1,1),(76,12,4,1,1),(77,12,5,1,1),(78,12,6,1,1),(79,12,7,1,1),(80,12,8,1,1),(121,17,1,1,1),(122,17,2,1,1),(123,17,3,1,1),(124,17,4,1,1),(125,17,5,1,1),(126,17,6,1,1),(127,17,7,1,1),(128,17,8,1,1),(129,18,1,1,1),(130,18,2,1,1),(131,18,3,1,1),(132,18,4,1,1),(133,18,5,1,1),(134,18,6,1,1),(135,18,7,1,1),(136,18,8,1,1);
/*!40000 ALTER TABLE `permissao_usuario` ENABLE KEYS */;
UNLOCK TABLES;

--
-- Table structure for table `plano_associacao`
--

DROP TABLE IF EXISTS `plano_associacao`;
/*!40101 SET @saved_cs_client     = @@character_set_client */;
/*!50503 SET character_set_client = utf8mb4 */;
CREATE TABLE `plano_associacao` (
  `id_plano` int NOT NULL AUTO_INCREMENT,
  `nome` varchar(100) COLLATE utf8mb4_unicode_ci NOT NULL,
  `preco` decimal(10,2) NOT NULL DEFAULT '0.00',
  `periodo` varchar(20) COLLATE utf8mb4_unicode_ci NOT NULL DEFAULT 'anuidade',
  `beneficios` json NOT NULL,
  `ativo` tinyint(1) NOT NULL DEFAULT '1',
  `ordem` int NOT NULL DEFAULT '0',
  `criado_em` datetime DEFAULT CURRENT_TIMESTAMP,
  PRIMARY KEY (`id_plano`)
) ENGINE=InnoDB AUTO_INCREMENT=11 DEFAULT CHARSET=utf8mb4 COLLATE=utf8mb4_unicode_ci;
/*!40101 SET character_set_client = @saved_cs_client */;

--
-- Dumping data for table `plano_associacao`
--

LOCK TABLES `plano_associacao` WRITE;
/*!40000 ALTER TABLE `plano_associacao` DISABLE KEYS */;
INSERT INTO `plano_associacao` VALUES (1,'Associado Padrão',60.00,'anuidade','[{\"incluido\": true, \"descricao\": \"Acesso à sede social\"}, {\"incluido\": true, \"descricao\": \"Até 3 dependentes\"}, {\"incluido\": true, \"descricao\": \"Participação em eventos\"}]',1,0,'2026-05-18 13:02:41'),(3,'teste',12.00,'anuidade','[]',1,0,'2026-05-18 13:07:08'),(10,'tes',12.00,'anuidade','[]',1,0,'2026-05-31 00:36:59');
/*!40000 ALTER TABLE `plano_associacao` ENABLE KEYS */;
UNLOCK TABLES;

--
-- Table structure for table `profissao`
--

DROP TABLE IF EXISTS `profissao`;
/*!40101 SET @saved_cs_client     = @@character_set_client */;
/*!50503 SET character_set_client = utf8mb4 */;
CREATE TABLE `profissao` (
  `id_profissao` int NOT NULL AUTO_INCREMENT,
  `descricao` varchar(50) COLLATE utf8mb4_unicode_ci NOT NULL,
  PRIMARY KEY (`id_profissao`),
  UNIQUE KEY `profissao_descricao_key` (`descricao`)
) ENGINE=InnoDB AUTO_INCREMENT=14 DEFAULT CHARSET=utf8mb4 COLLATE=utf8mb4_unicode_ci;
/*!40101 SET character_set_client = @saved_cs_client */;

--
-- Dumping data for table `profissao`
--

LOCK TABLES `profissao` WRITE;
/*!40000 ALTER TABLE `profissao` DISABLE KEYS */;
INSERT INTO `profissao` VALUES (8,'Aposentado/Pensionista'),(1,'Autônomo formal'),(2,'Autônomo informal'),(4,'Empregado formal'),(3,'Empregado informal'),(10,'Estagiário'),(9,'Estudante'),(13,'médico'),(11,'Não trabalha'),(12,'Outro'),(7,'Servidor público'),(5,'Trabalhador doméstico');
/*!40000 ALTER TABLE `profissao` ENABLE KEYS */;
UNLOCK TABLES;

--
-- Table structure for table `relacionamento_lancamento`
--

DROP TABLE IF EXISTS `relacionamento_lancamento`;
/*!40101 SET @saved_cs_client     = @@character_set_client */;
/*!50503 SET character_set_client = utf8mb4 */;
CREATE TABLE `relacionamento_lancamento` (
  `id_relacionamento` int NOT NULL AUTO_INCREMENT,
  `fk_tipo_lancamento` int NOT NULL,
  `fk_conta_regente` int NOT NULL,
  `fk_conta_subordinada` int NOT NULL,
  `natureza` enum('RECEBER','PAGAR') COLLATE utf8mb4_unicode_ci NOT NULL,
  `modo` enum('FIXO','SUGERIDO') COLLATE utf8mb4_unicode_ci NOT NULL DEFAULT 'FIXO',
  `ativo` tinyint(1) NOT NULL DEFAULT '1',
  `observacao` text COLLATE utf8mb4_unicode_ci,
  `criado_em` datetime DEFAULT CURRENT_TIMESTAMP,
  `criado_por` int DEFAULT NULL,
  `atualizado_em` datetime DEFAULT CURRENT_TIMESTAMP ON UPDATE CURRENT_TIMESTAMP,
  `atualizado_por` int DEFAULT NULL,
  PRIMARY KEY (`id_relacionamento`),
  KEY `rel_lanc_fk_tipo` (`fk_tipo_lancamento`),
  KEY `rel_lanc_fk_regente` (`fk_conta_regente`),
  KEY `rel_lanc_fk_subordinada` (`fk_conta_subordinada`),
  CONSTRAINT `rel_lanc_fk_regente` FOREIGN KEY (`fk_conta_regente`) REFERENCES `conta_regente` (`id_conta_regente`),
  CONSTRAINT `rel_lanc_fk_subordinada` FOREIGN KEY (`fk_conta_subordinada`) REFERENCES `conta_subordinada` (`id_conta_subordinada`),
  CONSTRAINT `rel_lanc_fk_tipo` FOREIGN KEY (`fk_tipo_lancamento`) REFERENCES `tipo_lancamento` (`id_tipo_lancamento`)
) ENGINE=InnoDB AUTO_INCREMENT=10 DEFAULT CHARSET=utf8mb4 COLLATE=utf8mb4_unicode_ci;
/*!40101 SET character_set_client = @saved_cs_client */;

--
-- Dumping data for table `relacionamento_lancamento`
--

LOCK TABLES `relacionamento_lancamento` WRITE;
/*!40000 ALTER TABLE `relacionamento_lancamento` DISABLE KEYS */;
INSERT INTO `relacionamento_lancamento` VALUES (1,6,8,2,'RECEBER','FIXO',1,NULL,'2026-05-21 00:35:37',NULL,'2026-05-21 00:35:37',NULL),(3,1,8,3,'RECEBER','FIXO',1,NULL,'2026-05-21 21:22:54',NULL,'2026-05-21 21:22:54',NULL),(4,12,2,1,'PAGAR','FIXO',1,NULL,'2026-05-21 22:16:47',NULL,'2026-05-21 22:16:47',NULL);
/*!40000 ALTER TABLE `relacionamento_lancamento` ENABLE KEYS */;
UNLOCK TABLES;

--
-- Table structure for table `status_conta`
--

DROP TABLE IF EXISTS `status_conta`;
/*!40101 SET @saved_cs_client     = @@character_set_client */;
/*!50503 SET character_set_client = utf8mb4 */;
CREATE TABLE `status_conta` (
  `id_status_conta` int NOT NULL AUTO_INCREMENT,
  `descricao` varchar(20) COLLATE utf8mb4_unicode_ci NOT NULL,
  PRIMARY KEY (`id_status_conta`),
  UNIQUE KEY `status_conta_descricao_key` (`descricao`)
) ENGINE=InnoDB AUTO_INCREMENT=4 DEFAULT CHARSET=utf8mb4 COLLATE=utf8mb4_unicode_ci;
/*!40101 SET character_set_client = @saved_cs_client */;

--
-- Dumping data for table `status_conta`
--

LOCK TABLES `status_conta` WRITE;
/*!40000 ALTER TABLE `status_conta` DISABLE KEYS */;
INSERT INTO `status_conta` VALUES (1,'Aberto'),(3,'Cancelado'),(2,'Liquidado');
/*!40000 ALTER TABLE `status_conta` ENABLE KEYS */;
UNLOCK TABLES;

--
-- Table structure for table `status_pessoa`
--

DROP TABLE IF EXISTS `status_pessoa`;
/*!40101 SET @saved_cs_client     = @@character_set_client */;
/*!50503 SET character_set_client = utf8mb4 */;
CREATE TABLE `status_pessoa` (
  `id_status` int NOT NULL AUTO_INCREMENT,
  `descricao` varchar(20) COLLATE utf8mb4_unicode_ci NOT NULL,
  PRIMARY KEY (`id_status`),
  UNIQUE KEY `status_pessoa_descricao_key` (`descricao`)
) ENGINE=InnoDB AUTO_INCREMENT=4 DEFAULT CHARSET=utf8mb4 COLLATE=utf8mb4_unicode_ci;
/*!40101 SET character_set_client = @saved_cs_client */;

--
-- Dumping data for table `status_pessoa`
--

LOCK TABLES `status_pessoa` WRITE;
/*!40000 ALTER TABLE `status_pessoa` DISABLE KEYS */;
INSERT INTO `status_pessoa` VALUES (1,'Ativo'),(3,'Inativo'),(2,'Pendente');
/*!40000 ALTER TABLE `status_pessoa` ENABLE KEYS */;
UNLOCK TABLES;

--
-- Table structure for table `telefone`
--

DROP TABLE IF EXISTS `telefone`;
/*!40101 SET @saved_cs_client     = @@character_set_client */;
/*!50503 SET character_set_client = utf8mb4 */;
CREATE TABLE `telefone` (
  `id_telefone` int NOT NULL AUTO_INCREMENT,
  `fk_associado` int NOT NULL,
  `ddd` char(2) COLLATE utf8mb4_unicode_ci NOT NULL,
  `numero` varchar(9) COLLATE utf8mb4_unicode_ci NOT NULL,
  `fk_tipo_telefone` int DEFAULT NULL,
  `observacao` varchar(100) COLLATE utf8mb4_unicode_ci DEFAULT NULL,
  PRIMARY KEY (`id_telefone`),
  UNIQUE KEY `telefone_fk_associado_ddd_numero_key` (`fk_associado`,`ddd`,`numero`),
  KEY `idx_telefone_tipo` (`fk_tipo_telefone`),
  CONSTRAINT `telefone_fk_associado_fkey` FOREIGN KEY (`fk_associado`) REFERENCES `associado` (`id_associado`) ON DELETE CASCADE,
  CONSTRAINT `telefone_fk_tipo_telefone_fkey` FOREIGN KEY (`fk_tipo_telefone`) REFERENCES `tipo_telefone` (`id_tipo_telefone`)
) ENGINE=InnoDB AUTO_INCREMENT=26 DEFAULT CHARSET=utf8mb4 COLLATE=utf8mb4_unicode_ci;
/*!40101 SET character_set_client = @saved_cs_client */;

--
-- Dumping data for table `telefone`
--

LOCK TABLES `telefone` WRITE;
/*!40000 ALTER TABLE `telefone` DISABLE KEYS */;
INSERT INTO `telefone` VALUES (7,4,'51','987654321',NULL,NULL),(8,5,'51','993456789',NULL,NULL),(10,7,'51','995678901',NULL,NULL),(23,34,'51','99999999',NULL,NULL),(24,35,'51','21215050',NULL,NULL),(25,37,'51','996118547',NULL,'');
/*!40000 ALTER TABLE `telefone` ENABLE KEYS */;
UNLOCK TABLES;

--
-- Table structure for table `telefone_parceiro`
--

DROP TABLE IF EXISTS `telefone_parceiro`;
/*!40101 SET @saved_cs_client     = @@character_set_client */;
/*!50503 SET character_set_client = utf8mb4 */;
CREATE TABLE `telefone_parceiro` (
  `id_telefone_parceiro` int NOT NULL AUTO_INCREMENT,
  `fk_parceiro` int NOT NULL,
  `ddd` char(2) COLLATE utf8mb4_unicode_ci NOT NULL,
  `numero` varchar(9) COLLATE utf8mb4_unicode_ci NOT NULL,
  `fk_tipo_telefone` int DEFAULT NULL,
  `observacao` varchar(100) COLLATE utf8mb4_unicode_ci DEFAULT NULL,
  PRIMARY KEY (`id_telefone_parceiro`),
  UNIQUE KEY `telefone_parceiro_fk_parceiro_ddd_numero_key` (`fk_parceiro`,`ddd`,`numero`),
  KEY `idx_telefone_parceiro_tipo` (`fk_tipo_telefone`),
  CONSTRAINT `telefone_parceiro_fk_parceiro_fkey` FOREIGN KEY (`fk_parceiro`) REFERENCES `parceiro` (`id_parceiro`) ON DELETE CASCADE,
  CONSTRAINT `telefone_parceiro_fk_tipo_telefone_fkey` FOREIGN KEY (`fk_tipo_telefone`) REFERENCES `tipo_telefone` (`id_tipo_telefone`)
) ENGINE=InnoDB AUTO_INCREMENT=28 DEFAULT CHARSET=utf8mb4 COLLATE=utf8mb4_unicode_ci;
/*!40101 SET character_set_client = @saved_cs_client */;

--
-- Dumping data for table `telefone_parceiro`
--

LOCK TABLES `telefone_parceiro` WRITE;
/*!40000 ALTER TABLE `telefone_parceiro` DISABLE KEYS */;
INSERT INTO `telefone_parceiro` VALUES (11,8,'51','33331000',NULL,NULL),(12,8,'51','988881000',NULL,NULL),(13,9,'51','33332000',NULL,NULL),(14,10,'51','33333000',NULL,NULL),(15,11,'51','33334000',NULL,NULL),(16,11,'51','988884000',NULL,NULL),(17,12,'51','33335000',NULL,NULL),(18,13,'51','988886000',NULL,NULL),(19,14,'51','988887000',NULL,NULL),(20,14,'51','33337000',NULL,NULL),(22,16,'51','999999999',3,'Vendas'),(23,17,'51','999999999',4,'horario comercial apenas'),(24,18,'51','991726262',4,NULL),(25,22,'51','89896320',1,NULL);
/*!40000 ALTER TABLE `telefone_parceiro` ENABLE KEYS */;
UNLOCK TABLES;

--
-- Table structure for table `tipo_documento`
--

DROP TABLE IF EXISTS `tipo_documento`;
/*!40101 SET @saved_cs_client     = @@character_set_client */;
/*!50503 SET character_set_client = utf8mb4 */;
CREATE TABLE `tipo_documento` (
  `id_tipo_documento` int NOT NULL AUTO_INCREMENT,
  `descricao` varchar(50) COLLATE utf8mb4_unicode_ci NOT NULL,
  PRIMARY KEY (`id_tipo_documento`),
  UNIQUE KEY `tipo_documento_descricao_key` (`descricao`)
) ENGINE=InnoDB AUTO_INCREMENT=10 DEFAULT CHARSET=utf8mb4 COLLATE=utf8mb4_unicode_ci;
/*!40101 SET character_set_client = @saved_cs_client */;

--
-- Dumping data for table `tipo_documento`
--

LOCK TABLES `tipo_documento` WRITE;
/*!40000 ALTER TABLE `tipo_documento` DISABLE KEYS */;
INSERT INTO `tipo_documento` VALUES (1,'Ata'),(4,'Circular'),(6,'Declaração'),(8,'Estatuto'),(3,'Mensagem'),(2,'Ofício'),(7,'Outro'),(9,'Regimento Interno'),(5,'Requerimento');
/*!40000 ALTER TABLE `tipo_documento` ENABLE KEYS */;
UNLOCK TABLES;

--
-- Table structure for table `tipo_lancamento`
--

DROP TABLE IF EXISTS `tipo_lancamento`;
/*!40101 SET @saved_cs_client     = @@character_set_client */;
/*!50503 SET character_set_client = utf8mb4 */;
CREATE TABLE `tipo_lancamento` (
  `id_tipo_lancamento` int NOT NULL AUTO_INCREMENT,
  `descricao` varchar(30) COLLATE utf8mb4_unicode_ci NOT NULL,
  `observacao` text COLLATE utf8mb4_unicode_ci,
  PRIMARY KEY (`id_tipo_lancamento`),
  UNIQUE KEY `tipo_lancamento_descricao_key` (`descricao`)
) ENGINE=InnoDB AUTO_INCREMENT=13 DEFAULT CHARSET=utf8mb4 COLLATE=utf8mb4_unicode_ci;
/*!40101 SET character_set_client = @saved_cs_client */;

--
-- Dumping data for table `tipo_lancamento`
--

LOCK TABLES `tipo_lancamento` WRITE;
/*!40000 ALTER TABLE `tipo_lancamento` DISABLE KEYS */;
INSERT INTO `tipo_lancamento` VALUES (1,'Anuidade',NULL),(2,'Mensalidade',NULL),(3,'Doação',NULL),(4,'Multa',NULL),(5,'Outro',NULL),(6,'Mensalidades',NULL),(10,'Multa por Atraso','Multa por atraso no pagamento'),(11,'Manutenção','Despesa de manutenção da associação'),(12,'Conta de Energia Elétrica',NULL);
/*!40000 ALTER TABLE `tipo_lancamento` ENABLE KEYS */;
UNLOCK TABLES;

--
-- Table structure for table `tipo_telefone`
--

DROP TABLE IF EXISTS `tipo_telefone`;
/*!40101 SET @saved_cs_client     = @@character_set_client */;
/*!50503 SET character_set_client = utf8mb4 */;
CREATE TABLE `tipo_telefone` (
  `id_tipo_telefone` int NOT NULL AUTO_INCREMENT,
  `descricao` varchar(20) COLLATE utf8mb4_unicode_ci NOT NULL,
  PRIMARY KEY (`id_tipo_telefone`),
  UNIQUE KEY `tipo_telefone_descricao_key` (`descricao`)
) ENGINE=InnoDB AUTO_INCREMENT=6 DEFAULT CHARSET=utf8mb4 COLLATE=utf8mb4_unicode_ci;
/*!40101 SET character_set_client = @saved_cs_client */;

--
-- Dumping data for table `tipo_telefone`
--

LOCK TABLES `tipo_telefone` WRITE;
/*!40000 ALTER TABLE `tipo_telefone` DISABLE KEYS */;
INSERT INTO `tipo_telefone` VALUES (1,'Celular'),(3,'Comercial'),(5,'Outro'),(2,'Residencial'),(4,'WhatsApp');
/*!40000 ALTER TABLE `tipo_telefone` ENABLE KEYS */;
UNLOCK TABLES;

--
-- Table structure for table `uf`
--

DROP TABLE IF EXISTS `uf`;
/*!40101 SET @saved_cs_client     = @@character_set_client */;
/*!50503 SET character_set_client = utf8mb4 */;
CREATE TABLE `uf` (
  `sigla` char(2) COLLATE utf8mb4_unicode_ci NOT NULL,
  `nome` varchar(30) COLLATE utf8mb4_unicode_ci NOT NULL,
  PRIMARY KEY (`sigla`)
) ENGINE=InnoDB DEFAULT CHARSET=utf8mb4 COLLATE=utf8mb4_unicode_ci;
/*!40101 SET character_set_client = @saved_cs_client */;

--
-- Dumping data for table `uf`
--

LOCK TABLES `uf` WRITE;
/*!40000 ALTER TABLE `uf` DISABLE KEYS */;
INSERT INTO `uf` VALUES ('AC','Acre'),('AL','Alagoas'),('AM','Amazonas'),('AP','Amapá'),('BA','Bahia'),('CE','Ceará'),('DF','Distrito Federal'),('ES','Espírito Santo'),('GO','Goiás'),('MA','Maranhão'),('MG','Minas Gerais'),('MS','Mato Grosso do Sul'),('MT','Mato Grosso'),('PA','Pará'),('PB','Paraíba'),('PE','Pernambuco'),('PI','Piauí'),('PR','Paraná'),('RJ','Rio de Janeiro'),('RN','Rio Grande do Norte'),('RO','Rondônia'),('RR','Roraima'),('RS','Rio Grande do Sul'),('SC','Santa Catarina'),('SE','Sergipe'),('SP','São Paulo'),('TO','Tocantins');
/*!40000 ALTER TABLE `uf` ENABLE KEYS */;
UNLOCK TABLES;

--
-- Table structure for table `usuario`
--

DROP TABLE IF EXISTS `usuario`;
/*!40101 SET @saved_cs_client     = @@character_set_client */;
/*!50503 SET character_set_client = utf8mb4 */;
CREATE TABLE `usuario` (
  `id_usuario` int NOT NULL AUTO_INCREMENT,
  `nome` varchar(150) COLLATE utf8mb4_unicode_ci NOT NULL,
  `email` varchar(150) COLLATE utf8mb4_unicode_ci NOT NULL,
  `senha_hash` varchar(255) COLLATE utf8mb4_unicode_ci DEFAULT NULL,
  `fk_perfil` int NOT NULL,
  `fk_associado` int DEFAULT NULL,
  `ativo` tinyint(1) DEFAULT '1',
  `primeiro_acesso` tinyint(1) DEFAULT '1',
  `ultimo_acesso` datetime DEFAULT NULL,
  `token_reset` varchar(255) COLLATE utf8mb4_unicode_ci DEFAULT NULL,
  `token_expira_em` datetime DEFAULT NULL,
  `criado_em` datetime DEFAULT CURRENT_TIMESTAMP,
  `atualizado_em` datetime DEFAULT CURRENT_TIMESTAMP,
  PRIMARY KEY (`id_usuario`),
  UNIQUE KEY `usuario_email_key` (`email`),
  KEY `usuario_fk_associado_fkey` (`fk_associado`),
  KEY `usuario_fk_perfil_fkey` (`fk_perfil`),
  CONSTRAINT `usuario_fk_associado_fkey` FOREIGN KEY (`fk_associado`) REFERENCES `associado` (`id_associado`) ON DELETE SET NULL,
  CONSTRAINT `usuario_fk_perfil_fkey` FOREIGN KEY (`fk_perfil`) REFERENCES `perfil_usuario` (`id_perfil`)
) ENGINE=InnoDB AUTO_INCREMENT=25 DEFAULT CHARSET=utf8mb4 COLLATE=utf8mb4_unicode_ci;
/*!40101 SET character_set_client = @saved_cs_client */;

--
-- Dumping data for table `usuario`
--

LOCK TABLES `usuario` WRITE;
/*!40000 ALTER TABLE `usuario` DISABLE KEYS */;
INSERT INTO `usuario` VALUES (1,'Admin','admin@ambc.com','$2y$10$lw.XTJgvWy26It7nFiSF3eHlUgwl.P0jhKfF.hU8vBYpnYNjbolPS',1,NULL,1,0,'2026-05-30 15:02:52',NULL,NULL,'2026-05-30 14:01:17','2026-05-30 15:02:52'),(2,'leonardo','leonardo.leote0909@gmail.com','$2y$10$Goc0hJxNEIO2QchmbR5YneW14aT8qwPpgMgPGBzp0gMa1JGW6J2Dq',1,NULL,1,0,'2026-05-31 10:38:06',NULL,NULL,'2026-05-30 15:05:12','2026-05-31 10:38:06'),(9,'Fabio','fabiomachadolopes@hotmail.com','$2y$10$RtQS/0O3bqT7/xjH0XaAg.SXrcU9TCahTYFDmk5R.J2B5/md.Qof.',1,NULL,1,0,'2026-05-27 00:20:15',NULL,NULL,'2026-04-27 22:58:57','2026-05-27 00:20:15'),(12,'admin','admin@admin.com','$2y$10$WINMYpdKI7nvRaRvyMHra.g0HYRBgBrmewBRnEGvbNLKp/5BQyRi6',1,NULL,1,0,'2026-05-28 21:28:53',NULL,NULL,'2026-04-30 01:40:14','2026-05-28 21:28:53'),(17,'fabiolopes','fabiomachado1212@gmail.com','$2y$10$ngNB..SC6KHKMW81SY6w/eHHWVVZzLO1Ty6feVNLuv50Im0kpCpki',1,NULL,1,0,'2026-05-25 22:23:10',NULL,NULL,'2026-05-02 00:19:40','2026-05-25 22:23:10'),(18,'Mikaela Thais Silva Kichler','mikaelatsk@gmail.com','$2y$10$XTMVRQL4jTAgEaeH9JjRg.bG.xoCMBPurZnrimV2HODKRBo0MwtFK',1,NULL,1,0,NULL,NULL,NULL,'2026-05-02 00:26:38','2026-05-02 00:26:38'),(22,'Adriane Reis','adrianeb.reis22@gmail.com','$2y$10$x0GsyKNUdWJ2qsWZGY3JEORusoj1Ne9.0PqeSJXt1NTwCm5VhenJu',1,NULL,1,0,'2026-05-27 23:24:51',NULL,NULL,'2026-05-14 22:16:45','2026-05-27 23:24:51');
/*!40000 ALTER TABLE `usuario` ENABLE KEYS */;
UNLOCK TABLES;
-- SQL_LOG_BIN_RESTORE removido
/*!40103 SET TIME_ZONE=@OLD_TIME_ZONE */;

/*!40101 SET SQL_MODE=@OLD_SQL_MODE */;
/*!40014 SET FOREIGN_KEY_CHECKS=@OLD_FOREIGN_KEY_CHECKS */;
/*!40014 SET UNIQUE_CHECKS=@OLD_UNIQUE_CHECKS */;
/*!40101 SET CHARACTER_SET_CLIENT=@OLD_CHARACTER_SET_CLIENT */;
/*!40101 SET CHARACTER_SET_RESULTS=@OLD_CHARACTER_SET_RESULTS */;
/*!40101 SET COLLATION_CONNECTION=@OLD_COLLATION_CONNECTION */;
/*!40111 SET SQL_NOTES=@OLD_SQL_NOTES */;

-- Dump completed on 2026-06-01 10:56:50
